Rank,City,"Meal, Inexpensive Restaurant","Meal for 2 People, 
Mid-range Restaurant, Three-course","McMeal at McDonalds 
(or Equivalent Combo Meal)","Domestic Beer 
(0.5 liter draught)","Imported Beer 
(0.33 liter bottle)","Coke/Pepsi 
(0.33 liter bottle)","Milk 
(regular), 
(1 liter)","Eggs 
(12)","Local Cheese 
(1kg)","Water 
(1.5 liter bottle)","Bottle of Wine 
(Mid-Range)","Domestic Beer 
(0.5 liter bottle)","Imported Beer 
(0.33 liter bottle)","Monthly Pass 
(Regular Price)","Gasoline 
(1 liter)","Apartment 
(1 bedroom) 
in City Centre","Price per Square Meter 
to Buy Apartment 
in City Centre","Average Monthly Disposable Salary 
(Net After Tax)","Potato 
(1kg)","Cappuccino 
(regular)","Rice 
(white), 
(1kg)"
,"Leuven, Belgium",10.88,70.74,9.79,3.26,3.26,2.35,0.87,3.26,29.38,1.45,7.62,1.45,1.45,41.35,1.35,714.99,3264.77,1843.24,1.36,3.00,2.42
,"Saint Petersburg, Russia",7.54,30.05,4.53,1.12,2.35,0.67,0.87,1.11,6.97,0.62,6.34,0.88,1.72,33.85,0.54,503.58,2124.42,570.38,0.46,2.09,1.06
,"Algiers, Algeria",3.63,22.70,4.54,1.36,1.91,0.53,0.26,1.22,6.24,0.28,7.26,1.45,2.03,10.90,0.25,270.81,2169.37,348.11,0.48,1.07,1.07
,"Eugene, OR, United States",8.95,50.00,7.00,3.00,4.00,1.48,0.69,2.36,9.73,1.49,12.50,1.42,2.55,50.00,0.62,795.62,2208.99,2843.17,2.19,3.54,2.42
,"Banja Luka, Bosnia And Herzegovina",4.45,18.07,3.84,1.11,1.39,1.21,0.81,1.58,4.45,0.55,4.45,0.51,0.85,20.30,0.96,194.62,1312.76,443.68,0.42,0.96,1.11
,"Guadalajara, Mexico",4.58,18.87,4.31,1.08,2.16,0.58,0.79,1.26,5.32,0.70,6.47,0.83,1.46,15.64,0.75,205.19,801.08,402.93,0.97,1.48,1.00
,"Mexico City, Mexico",5.39,26.96,4.31,1.35,2.70,0.62,0.85,1.41,5.50,0.77,8.09,1.07,2.16,16.18,0.75,471.79,1627.88,628.01,1.16,1.93,1.02
,"Monterrey, Mexico",5.39,21.57,4.31,1.19,2.16,0.58,0.88,1.51,5.31,0.81,9.44,1.05,1.59,21.57,0.74,295.54,1099.70,962.84,0.98,1.90,0.80
,"Yekaterinburg, Russia",6.66,30.29,3.71,1.20,1.72,0.79,0.74,1.00,6.91,0.64,6.25,0.81,1.79,22.41,0.51,331.37,1311.88,435.84,0.26,1.48,0.97
,"Sarajevo, Bosnia And Herzegovina",3.90,22.30,4.46,1.67,1.67,1.47,0.77,1.47,5.87,0.64,5.02,0.72,0.93,28.99,1.00,232.46,1416.93,464.64,0.57,1.25,1.35
,"Salem, OR, United States",12.00,48.50,7.50,3.75,4.50,1.53,0.82,2.25,11.68,1.90,10.00,2.12,2.50,45.00,0.63,862.80,1451.69,2000.00,1.63,3.70,2.39
,"Puerto Vallarta, Mexico",5.39,20.22,4.58,1.50,1.89,0.79,0.77,1.24,5.93,0.86,7.01,1.06,1.62,21.57,0.77,331.49,580.38,1288.97,0.70,1.91,0.88
,"Burgas, Bulgaria",5.56,19.47,4.45,0.83,1.39,0.77,0.96,1.64,5.34,0.48,3.59,0.65,1.26,25.04,1.14,180.83,904.72,454.07,0.52,1.11,1.03
,"Belgrade, Serbia",5.79,24.04,4.45,1.42,1.78,1.37,0.85,1.36,4.27,0.44,3.56,0.63,0.92,28.49,1.22,301.42,2072.42,390.70,0.50,1.37,1.14
,"Corfu, Greece",13.06,32.65,5.74,4.35,3.26,1.54,1.12,2.70,8.16,0.68,5.44,1.31,1.56,32.65,1.61,247.88,1153.55,1122.27,0.87,2.99,3.63
,"Tijuana, Mexico",5.32,18.06,4.26,1.33,2.66,0.75,0.81,1.50,4.61,0.78,6.92,1.25,1.86,26.60,0.75,206.28,673.82,458.92,0.89,2.15,0.73
,"Selangor, Malaysia",1.92,10.78,2.88,2.06,2.40,0.51,1.75,1.29,17.97,0.58,14.38,1.53,2.13,23.97,0.45,303.57,1966.98,1064.01,1.52,2.08,1.00
,"Nassau, Bahamas",15.00,95.00,7.00,2.50,4.00,1.74,2.46,3.52,5.15,2.08,17.50,2.80,3.20,33.75,1.14,907.28,1332.87,1175.75,4.46,4.62,3.78
,"Plovdiv, Bulgaria",5.60,19.33,3.92,1.12,1.68,1.01,1.06,1.43,5.66,0.50,3.92,0.64,0.91,16.81,1.11,184.47,818.31,413.81,0.53,1.23,1.19
,"Sofia, Bulgaria",5.58,22.31,4.46,1.12,1.67,0.90,1.10,1.51,5.27,0.51,4.46,0.66,1.12,27.88,1.12,306.08,1240.39,566.37,0.55,1.16,1.17
,"Varna, Bulgaria",5.58,22.31,4.18,1.12,1.39,0.86,1.06,1.40,4.75,0.57,4.46,0.91,1.03,24.54,1.05,231.76,963.17,406.83,0.54,1.22,1.39
,"Novi Sad, Serbia",5.30,17.67,3.98,1.33,1.59,0.95,0.77,1.24,5.26,0.41,3.53,0.56,0.88,17.67,1.20,203.90,1328.73,377.18,0.43,1.05,1.02
,"Luanda, Angola",20.00,95.00,19.09,2.25,3.50,1.64,2.62,4.33,18.00,1.47,16.00,2.50,1.90,100.00,1.18,2738.42,9500.00,1408.67,3.50,3.32,4.00
,"Malta, Malta",13.19,54.94,8.79,2.86,3.30,1.74,0.91,2.14,8.24,0.88,5.49,1.28,1.12,28.57,1.45,675.79,2197.68,1324.10,1.21,1.95,1.86
,"Podgorica, Montenegro",5.44,27.21,3.26,1.63,1.74,1.61,0.80,1.37,5.32,0.61,4.35,0.99,1.22,27.21,1.19,362.75,1863.64,526.31,0.51,1.36,1.15
,"Tokyo, Japan",9.48,53.14,6.65,3.49,4.79,1.26,1.83,2.27,19.39,1.46,16.28,2.91,3.24,95.75,1.19,1201.15,16183.08,2818.52,4.21,3.84,5.31
,"Osijek, Croatia",4.71,18.84,5.07,1.74,2.10,1.61,0.67,1.89,6.16,0.88,5.07,0.95,1.46,39.86,1.31,206.96,1215.33,616.70,0.82,1.20,1.30
,"Pula, Croatia",7.25,28.99,5.07,2.17,2.90,1.92,0.72,2.26,9.06,0.77,5.07,0.97,1.93,33.34,1.35,250.04,1612.32,690.75,0.63,1.40,2.03
,"Rijeka, Croatia",7.25,31.16,5.07,2.17,2.32,1.87,0.79,2.17,8.62,0.75,5.80,0.99,1.55,40.59,1.29,335.00,1758.20,645.20,0.68,1.26,1.58
,"Almaty, Kazakhstan",6.05,28.74,4.54,0.91,1.36,0.39,0.87,0.99,5.45,0.45,4.54,0.65,0.96,18.15,0.38,330.45,1586.76,436.80,0.37,1.61,0.65
,"Astana, Kazakhstan",6.05,21.18,3.63,1.06,1.82,0.40,0.71,0.82,3.66,0.42,8.32,0.72,0.80,15.13,0.37,378.16,1315.98,415.97,0.34,1.99,0.68
,"Bratislava, Slovakia",5.56,27.26,5.45,1.64,2.18,1.52,0.77,1.86,9.30,0.73,4.91,0.76,1.25,29.33,1.32,577.59,2722.81,986.04,0.82,1.94,1.32
,"Zagreb, Croatia",6.54,29.04,5.08,2.03,2.25,1.92,0.81,2.12,7.75,0.99,5.81,1.13,1.49,52.28,1.32,368.66,2346.34,845.86,0.79,1.50,1.56
,"Managua, Nicaragua",6.00,22.09,6.00,1.00,2.00,0.80,1.17,2.09,5.14,0.95,5.18,0.95,1.89,6.00,0.96,292.01,362.50,420.00,0.96,2.08,1.11
,"Limassol, Cyprus",13.07,43.56,6.53,3.27,3.81,1.51,1.49,2.84,7.43,0.80,5.44,1.14,1.34,43.56,1.27,507.65,1921.25,1541.53,0.74,3.31,1.96
,"Abu Dhabi, United Arab Emirates",6.81,43.56,6.81,8.17,9.53,0.45,1.61,2.59,7.97,0.65,19.06,2.28,2.71,21.78,0.46,1844.29,4213.01,3591.71,1.41,4.46,2.30
,"Nicosia, Cyprus",13.06,46.80,6.87,3.26,3.54,1.70,1.48,3.03,10.88,0.82,5.44,0.94,1.17,43.53,1.26,445.10,1765.40,1302.64,0.70,3.71,2.01
,"Dubai, United Arab Emirates",8.17,40.84,6.81,10.89,10.89,0.47,1.51,2.94,8.26,0.60,19.06,8.44,9.71,65.35,0.47,2077.39,4751.86,3318.88,1.17,4.44,2.34
,"Brno, Czech Republic",4.03,20.13,4.83,1.21,1.41,1.17,0.63,1.40,6.38,0.54,4.03,0.57,1.05,22.14,1.17,421.13,2029.04,876.00,0.64,1.59,1.19
,"Macao, Macao",6.26,35.03,4.38,5.07,1.63,0.83,2.42,2.43,9.22,1.47,5.16,1.09,1.40,21.39,1.44,813.22,11222.29,1776.56,2.23,3.95,1.95
,"Panama City, Panama",10.00,45.00,6.00,2.00,3.00,1.04,1.53,2.00,8.56,1.66,10.00,0.74,1.96,27.75,0.77,1222.53,2045.00,758.60,1.75,2.77,1.89
,"Olomouc, Czech Republic",3.83,18.57,5.05,1.07,1.41,1.18,0.61,1.26,8.21,0.49,3.63,0.54,1.15,14.13,1.17,349.83,1221.46,794.98,0.48,1.52,1.20
,"Ostrava, Czech Republic",4.04,20.18,5.05,1.13,1.41,1.08,0.58,1.34,5.88,0.48,4.04,0.62,0.98,19.98,1.17,304.98,999.04,767.46,0.61,1.64,1.31
,"Plzen, Czech Republic",4.03,20.13,4.83,1.21,1.41,0.98,0.69,1.41,7.24,0.49,5.44,0.56,1.14,17.84,1.19,322.10,1154.21,866.66,0.59,1.45,1.65
,"Prague, Czech Republic",4.87,24.34,5.07,1.42,1.62,1.16,0.75,1.51,7.30,0.55,4.46,0.65,1.13,22.31,1.20,584.22,3445.05,1001.59,0.73,1.84,1.27
,"Johor Bahru, Malaysia",1.98,13.18,2.40,2.16,2.64,0.60,1.65,1.24,16.38,0.51,11.98,3.00,3.83,11.98,0.46,371.47,2321.68,685.72,1.10,2.04,0.96
,"Gaborone, Botswana",4.68,23.42,4.87,1.66,1.55,0.67,1.23,2.04,4.83,0.84,7.50,1.03,1.44,7.21,0.78,309.18,562.14,543.40,1.42,1.83,1.79
,"Kuala Lumpur, Malaysia",2.86,16.67,3.10,2.86,3.57,0.55,1.68,1.29,16.06,0.63,14.28,2.44,3.60,23.81,0.45,572.05,2493.34,1016.58,0.99,2.68,1.20
,"Kuching, Malaysia",1.92,11.38,2.94,2.16,2.88,0.46,1.41,1.01,20.37,0.60,10.78,1.92,2.97,16.78,0.48,191.73,1282.05,405.42,1.28,1.88,1.08
,"Aalborg, Denmark",17.69,73.69,10.32,5.90,4.79,3.31,0.93,3.39,11.29,1.36,8.84,1.89,2.53,56.00,1.51,624.36,2947.60,2330.45,1.36,4.27,2.12
,"Arhus, Denmark",14.66,87.97,10.26,5.86,5.13,2.99,0.86,3.26,10.15,1.23,7.33,1.82,2.35,54.98,1.43,813.05,4349.58,2640.90,1.60,5.01,2.35
,"Copenhagen, Denmark",17.59,87.93,10.26,6.59,5.86,2.81,0.93,3.48,11.38,1.53,8.79,1.87,2.29,58.62,1.49,1273.29,5541.66,2826.01,1.77,5.05,1.93
,"Petaling Jaya, Malaysia",1.92,14.38,3.12,2.88,4.55,0.57,1.62,1.32,28.76,0.48,17.38,1.92,3.83,23.97,0.46,351.50,2445.39,728.29,0.68,2.69,0.95
,"Ljubljana, Slovenia",8.72,32.72,5.45,2.73,3.27,2.22,0.93,2.15,10.45,0.81,5.45,1.09,1.50,40.35,1.32,476.94,3047.54,1127.63,0.83,1.54,1.88
,"Maribor, Slovenia",6.53,21.77,5.44,2.39,2.18,2.13,0.82,2.18,7.29,0.53,4.89,1.17,1.44,28.83,1.36,289.75,1237.89,998.61,0.56,1.51,1.27
,"Sioux Falls, SD, United States",9.00,32.50,7.00,3.00,4.50,1.66,0.98,1.88,14.32,0.99,12.00,1.50,4.00,27.50,0.60,750.00,1138.20,1820.99,2.47,3.90,5.51
,"Odense, Denmark",14.66,87.97,8.80,6.60,5.86,2.60,0.92,3.59,12.32,1.14,10.26,0.70,2.49,57.91,1.60,549.81,2932.30,2773.47,1.56,4.63,1.76
,"Male, Maldives",4.92,22.97,8.53,3.94,6.56,0.91,1.67,1.49,5.91,0.50,19.69,7.22,7.22,21.66,0.77,754.76,4591.91,593.17,1.60,2.43,1.40
,"Pisa, Italy",16.35,70.86,8.45,4.36,4.36,2.09,1.29,3.21,20.06,0.58,5.45,1.92,2.09,26.38,1.53,635.44,3706.73,1149.68,1.70,1.40,2.14
,"Alicante, Spain",9.63,32.65,6.53,1.63,2.56,1.65,0.86,1.52,10.03,0.46,3.26,0.62,1.01,32.65,1.16,466.90,2067.69,1088.26,0.81,1.69,0.88
,"Barcelona, Spain",12.09,43.95,7.69,2.75,3.30,1.83,0.90,2.04,11.82,0.68,5.49,0.97,1.57,57.14,1.29,780.50,4254.08,1580.70,1.19,1.88,1.03
,"Bilbao, Spain",13.06,54.41,7.62,2.72,3.26,2.09,0.95,1.92,16.32,0.83,4.35,0.98,1.57,40.27,1.32,805.31,5427.69,1768.42,1.39,1.50,1.09
,"Lima, Peru",3.57,23.78,4.46,1.34,1.93,0.66,1.14,1.54,6.73,0.75,7.43,1.30,1.93,29.73,1.02,578.43,2128.43,554.93,0.87,2.28,0.99
,"Den Haag, Netherlands",16.32,54.41,7.62,4.08,3.81,2.30,1.10,2.31,9.88,0.98,6.53,1.52,1.14,81.62,1.63,788.99,2829.47,2636.55,1.52,2.90,1.68
,"Hamilton, Bermuda",30.00,120.00,10.00,9.50,7.00,2.94,3.93,4.47,10.14,1.90,15.00,3.50,3.17,67.00,2.02,2937.50,6458.35,5437.50,3.00,4.58,5.67
,"Tashkent, Uzbekistan",5.00,14.50,3.00,1.00,3.00,0.77,0.93,1.25,5.80,0.36,4.50,0.99,2.19,15.00,0.63,344.44,1200.00,261.94,0.56,1.47,1.29
,"Granada, Spain",8.71,32.65,6.53,2.18,2.72,1.40,0.73,1.65,15.24,0.33,4.35,0.58,1.03,44.62,1.31,421.02,1773.86,1260.57,0.73,1.41,1.09
,"Las Palmas, Spain",9.79,32.65,7.62,1.96,2.72,1.35,0.90,2.24,8.92,0.57,5.17,0.97,1.20,35.37,1.01,495.16,2140.24,985.48,1.22,1.34,0.97
,"Ulaanbaatar, Mongolia",4.17,20.00,5.21,2.50,2.07,0.95,1.06,2.29,9.46,0.77,8.01,0.90,1.21,20.10,0.92,525.70,1547.13,393.05,0.58,2.83,1.64
,"Madrid, Spain",10.90,49.06,7.63,3.27,3.27,2.19,0.91,1.76,10.93,0.73,5.45,0.94,1.29,59.53,1.25,815.05,4515.32,1604.33,0.99,1.88,1.12
,"Tallinn, Estonia",8.71,43.56,5.99,3.27,3.27,1.63,0.58,1.26,5.98,0.85,7.62,1.04,1.42,25.05,1.13,502.63,2639.15,927.39,0.36,2.55,1.41
,"Tartu, Estonia",7.07,38.09,6.04,2.72,3.05,1.51,0.65,1.29,7.07,0.78,5.99,1.09,1.46,17.41,1.24,372.18,2094.90,937.13,0.38,2.31,1.25
,"Palma De Mallorca, Spain",11.99,40.88,7.63,2.56,2.73,1.97,0.81,1.58,12.40,0.50,4.63,0.70,0.81,27.26,1.36,621.42,3161.62,1313.71,0.99,1.97,1.00
,"Irvine, CA, United States",12.00,42.50,7.00,5.00,7.00,1.76,1.11,3.20,11.02,1.50,12.00,2.25,3.33,60.00,0.77,1842.54,5477.03,3899.38,2.08,3.99,5.38
,"Sevilla, Spain",9.25,32.65,7.62,2.18,2.45,1.42,0.74,1.56,8.71,0.67,4.35,0.72,1.34,37.27,1.28,573.81,3606.80,1241.57,0.78,1.48,0.93
,"Valencia, Spain",9.80,32.67,7.62,2.18,2.18,1.56,0.77,1.59,8.47,0.60,4.36,0.84,1.21,47.37,1.25,522.70,2270.97,1287.10,0.88,1.52,1.08
,"Navi Mumbai, India",2.99,11.97,3.74,1.80,2.39,0.48,0.64,0.89,4.72,0.43,8.98,1.40,2.18,4.49,1.00,241.84,2138.15,633.85,0.34,1.42,0.71
,"Zaragoza (Saragossa), Spain",10.88,38.09,7.62,2.50,2.99,1.85,0.88,1.78,13.60,0.64,7.62,0.69,2.01,39.72,1.26,371.82,2047.01,1233.36,0.80,1.38,1.74
,"San Juan, Puerto Rico",12.50,56.25,7.00,2.00,3.50,1.35,1.84,3.19,4.68,1.74,12.00,1.77,2.97,45.00,0.60,804.17,2218.47,1678.45,1.93,2.45,2.25
,"Fayetteville, AR, United States",12.50,45.00,6.62,3.00,5.00,1.54,0.92,2.75,8.45,1.67,13.50,2.08,2.15,40.00,0.52,605.56,1261.53,1847.24,3.89,3.75,2.98
,"Belo Horizonte, Brazil",4.96,26.38,7.68,1.92,3.84,1.17,0.95,1.81,6.29,1.06,9.59,1.63,2.61,47.97,1.15,387.53,2206.67,547.93,1.34,1.61,1.17
,"Lund, Sweden",13.54,66.31,7.96,6.63,5.53,1.86,1.16,2.71,9.95,1.49,7.74,1.69,1.60,55.26,1.56,755.20,3868.10,2095.00,1.03,3.84,2.28
,"Uppsala, Sweden",9.54,67.33,7.86,4.49,5.89,1.61,1.06,2.81,7.89,1.46,8.98,1.52,2.51,84.17,1.47,721.44,4488.97,2202.72,0.90,3.06,2.77
,"Campinas, Brazil",6.40,31.98,7.52,2.24,4.80,1.36,1.06,2.05,7.53,0.89,9.59,1.17,3.32,48.61,1.12,394.43,1902.86,709.97,1.65,1.75,1.19
,"College Station, TX, United States",10.00,40.00,7.00,3.00,5.00,1.59,0.79,2.33,13.23,1.75,13.00,1.32,2.00,0.00,0.55,966.67,2200.00,2425.00,1.87,3.85,2.76
,"Basel, Switzerland",20.62,90.55,15.09,6.54,6.29,3.85,1.56,5.86,25.72,1.51,15.09,1.84,1.94,76.46,1.48,1287.79,9054.74,3863.09,2.85,4.49,2.54
,"Bern, Switzerland",18.11,100.61,15.09,5.53,4.28,3.82,1.28,5.38,22.01,0.91,14.09,2.03,3.46,77.47,1.40,1213.59,11066.91,4051.77,1.81,4.46,2.36
,"Geneva, Switzerland",25.15,100.60,15.09,7.04,6.04,4.12,1.69,6.30,25.34,1.49,12.07,2.06,3.13,70.42,1.49,1738.73,11848.78,5011.69,2.94,4.23,2.94
,"Stockholm, Sweden",11.05,77.36,7.74,6.63,6.63,2.24,1.18,3.03,10.31,1.77,9.95,1.91,2.03,87.31,1.44,1194.52,9684.78,2531.93,1.06,3.72,2.68
,"Providence, RI, United States",19.00,50.00,7.00,3.50,4.50,1.88,0.96,3.35,10.13,2.09,10.00,1.62,2.17,64.50,0.57,1150.00,2368.06,2111.00,3.89,3.94,4.96
,"Buenos Aires, Argentina",10.13,39.76,8.35,2.04,3.54,1.39,1.18,2.02,9.28,1.23,5.00,1.78,3.20,17.13,1.17,433.70,2784.06,881.52,0.98,2.76,1.55
,"San Jose, Costa Rica",7.71,36.27,7.25,1.91,3.63,1.44,1.43,3.24,6.42,2.09,13.15,1.71,3.07,54.41,1.03,666.16,1712.50,731.60,1.90,2.34,2.23
,"Lausanne, Switzerland",20.12,100.61,15.09,6.54,6.04,3.47,1.66,4.87,20.00,1.02,11.07,1.81,2.07,71.93,1.47,1299.86,12072.99,4462.27,3.07,4.15,2.34
,"Casablanca, Morocco",3.03,15.16,5.66,3.03,3.03,0.63,0.74,1.44,8.72,0.60,7.08,1.73,1.58,20.22,0.94,447.66,1826.74,538.09,0.50,1.33,1.35
,"Curitiba, Brazil",6.25,31.27,7.19,1.56,3.13,1.10,0.96,1.45,8.71,1.00,9.38,1.32,2.96,48.15,1.11,341.82,1626.69,616.84,1.03,1.51,1.07
,"Lugano, Switzerland",20.10,120.62,13.07,6.03,5.03,3.02,1.37,5.19,16.92,1.51,10.05,1.06,1.33,60.31,1.42,1393.49,11433.46,3804.07,2.18,3.39,2.39
,"Chania, Greece",9.82,27.26,6.54,4.36,4.36,1.44,1.37,3.64,9.63,0.87,6.54,2.04,1.64,32.72,1.62,215.69,1036.04,1040.41,0.80,2.86,1.18
,"Lodz, Poland",5.04,25.18,3.90,1.26,1.26,0.78,0.60,1.32,4.81,0.48,6.04,0.76,1.00,20.15,1.08,329.18,1137.44,602.60,0.42,1.75,0.69
,"Montreal, Canada",11.25,47.23,6.75,4.50,4.50,1.31,1.60,2.52,10.39,1.53,11.25,1.74,2.19,61.48,0.83,725.96,3064.58,1975.30,2.26,2.66,3.25
,"Sao Paulo, Brazil",7.82,37.52,7.82,1.88,4.69,1.29,1.04,1.99,8.47,0.83,9.38,1.48,3.60,44.40,1.09,607.48,3013.51,656.09,1.55,1.73,1.22
,"Fortaleza, Brazil",4.80,19.19,7.36,1.76,3.20,1.08,0.99,1.80,7.35,0.76,8.00,1.31,1.84,52.77,1.25,303.82,1918.85,399.76,1.39,1.67,0.95
,"Gothenburg, Sweden",10.10,67.33,7.86,6.45,6.04,2.46,1.21,3.01,9.80,1.34,10.10,1.70,1.92,67.33,1.45,792.48,6243.27,2380.13,1.09,3.83,2.59
,"Dnipropetrovsk, Ukraine",3.34,16.37,3.07,0.56,1.16,0.42,0.50,0.88,3.86,0.35,2.82,0.42,1.08,9.05,0.84,192.61,641.75,185.71,0.28,1.00,0.94
,"Nice, France",16.36,59.98,8.67,6.54,5.18,2.88,0.95,2.60,9.54,0.71,5.45,1.64,1.27,33.81,1.33,793.33,5755.68,2099.35,2.33,3.21,2.36
,"Rabat, Morocco",3.53,15.14,5.05,2.52,3.03,0.57,0.75,1.36,7.49,0.64,7.07,2.52,2.89,20.19,0.96,330.92,1857.62,413.93,0.50,1.73,1.53
,"Zug, Switzerland",17.11,90.58,12.08,6.04,5.03,3.52,1.38,6.44,22.34,1.06,9.56,2.36,1.68,65.42,1.50,1878.73,14090.50,4647.71,2.43,5.26,2.01
,"Zurich, Switzerland",25.28,101.13,14.16,7.08,6.07,4.05,1.47,5.20,22.39,1.17,14.16,1.69,1.96,86.97,1.45,1845.40,13514.05,5678.47,2.64,5.00,2.65
,"Cuneo, Italy",27.21,97.94,16.32,5.71,4.73,3.26,2.07,3.26,17.82,0.41,16.32,0.60,3.26,76.18,1.81,391.77,5833.06,2209.13,3.26,2.45,3.08
,"Stavanger, Norway",24.18,108.82,12.70,9.67,8.16,3.45,1.99,4.41,10.95,1.95,15.72,3.77,4.43,84.63,1.64,1120.12,5599.51,3794.47,2.24,4.68,2.66
,"Ankara, Turkey",4.88,19.51,4.88,2.93,3.25,0.91,0.85,1.82,5.16,0.40,9.76,1.98,2.51,32.52,1.46,285.86,1284.71,717.39,0.74,2.19,1.53
,"Antalya, Turkey",4.87,18.66,5.34,2.92,3.41,0.77,0.83,1.85,5.16,0.47,9.09,1.90,2.42,38.94,1.45,211.90,920.84,607.61,0.56,2.29,1.79
,"Pristina, Kosovo (Disputed Territory)",2.73,16.35,2.73,1.64,1.64,1.09,0.86,0.93,3.34,0.34,3.27,0.71,0.82,8.72,1.03,267.60,1499.05,436.09,0.34,1.07,1.09
,"Medellin, Colombia",3.07,17.04,4.36,0.85,1.70,0.64,0.70,1.40,2.47,0.99,8.86,0.77,1.58,20.45,0.73,204.51,1033.91,348.76,0.94,1.14,1.02
,"Chattanooga, TN, United States",12.00,45.00,6.50,3.00,4.50,1.54,0.97,2.76,9.48,2.00,13.50,2.22,3.00,30.00,0.50,805.56,1270.14,2760.00,3.41,3.42,5.14
,"Constanta, Romania",4.83,24.15,4.35,0.97,1.21,1.04,0.95,1.75,5.31,0.62,5.07,0.74,0.90,15.23,1.30,241.55,1129.37,403.51,0.48,1.50,0.99
,"Bursa, Turkey",4.87,16.23,4.22,2.11,2.60,0.65,0.73,1.65,4.72,0.39,8.11,1.84,2.34,25.98,1.45,190.20,793.62,688.59,0.58,2.10,1.80
,"Pattaya, Thailand",2.21,19.99,5.40,1.71,2.28,0.77,1.71,1.49,18.84,0.41,14.13,1.36,1.71,10.99,0.75,475.98,2169.30,317.65,1.23,1.86,1.06
,"Jerusalem, Israel",13.47,51.82,12.69,7.00,6.48,2.15,1.46,3.46,10.53,1.38,12.95,2.67,3.37,63.73,1.54,843.44,5906.97,1905.67,0.98,3.07,1.99
,"Yangon, Myanmar",2.75,16.23,5.00,1.00,1.75,0.68,1.70,1.27,10.00,0.95,15.00,1.20,1.83,6.00,0.72,450.00,200.00,300.00,2.00,2.39,1.80
,"Knoxville, TN, United States",12.00,45.00,6.25,3.00,4.75,1.45,0.89,1.81,11.62,1.59,15.00,2.55,3.25,37.50,0.48,941.25,994.76,2500.86,5.50,3.51,1.94
,"Kingston, Canada",11.24,44.95,7.12,4.12,4.68,1.45,1.53,2.20,9.42,1.55,11.24,1.74,1.86,53.94,0.77,719.98,1790.06,1967.02,2.25,2.58,2.29
,"Bellingham, WA, United States",14.00,51.42,6.25,4.00,5.00,1.78,0.72,3.06,11.29,1.00,13.50,2.50,4.50,25.00,0.64,911.25,2429.95,2227.21,2.75,3.75,4.18
,"Malaga, Spain",8.43,32.65,7.35,2.18,2.18,1.61,0.82,1.91,9.86,0.67,4.35,0.88,1.45,43.48,1.26,504.56,1974.41,1382.09,1.03,1.49,0.95
,"Istanbul, Turkey",5.71,22.51,4.82,3.22,3.86,0.85,0.84,1.94,6.27,0.50,9.65,1.98,2.64,56.29,1.45,525.40,2410.72,725.89,0.68,2.39,1.72
,"Porto Alegre, Brazil",6.40,31.98,7.36,2.24,4.80,1.26,0.86,1.44,8.11,0.88,8.79,1.37,3.31,54.37,1.25,323.74,2201.13,624.86,1.42,1.87,0.95
,"Izmir, Turkey",4.87,19.47,4.87,2.60,3.25,0.80,0.87,1.74,6.26,0.38,8.11,1.88,2.43,38.29,1.46,318.15,1230.50,609.65,0.46,2.20,1.49
,"Espoo, Finland",11.97,76.18,7.62,6.53,5.44,2.46,0.91,2.04,6.53,1.60,10.88,2.28,2.09,56.81,1.55,851.95,4570.68,2417.49,1.07,3.01,1.74
,"Helsinki, Finland",13.07,76.23,7.62,6.53,6.53,2.62,1.03,2.18,7.72,1.49,10.89,2.60,2.88,57.06,1.52,996.73,6839.56,2628.68,1.11,3.84,2.36
,"Asuncion, Paraguay",4.41,20.29,4.41,0.88,1.21,0.73,0.90,0.98,5.55,0.55,6.62,0.85,1.59,25.23,0.98,273.45,749.79,352.27,0.72,1.55,0.61
,"Pavia, Italy",21.81,65.43,9.71,5.45,4.91,2.84,1.74,3.00,15.13,0.89,10.91,2.54,2.45,43.62,1.86,518.02,4180.53,1788.54,1.83,1.80,2.00
,"Recife, Brazil",6.40,22.39,7.04,1.60,3.20,1.37,1.09,1.87,9.22,1.00,7.51,1.12,1.92,47.01,1.17,399.76,2014.79,535.68,1.81,1.79,0.93
,"Concepcion, Chile",4.52,18.84,4.52,1.51,1.51,0.98,1.06,2.39,7.65,1.31,4.52,1.25,1.70,45.22,1.16,354.94,2072.74,859.25,0.84,1.49,1.20
,"Rio De Janeiro, Brazil",8.77,35.07,7.81,2.17,4.46,1.45,1.20,1.76,7.43,0.84,9.57,1.47,3.98,51.01,1.26,670.39,3687.39,699.75,1.41,1.92,1.20
,"Kochi, India",1.05,6.73,2.99,1.50,2.39,0.46,0.61,0.92,5.23,0.39,8.97,1.26,1.91,3.74,1.01,127.73,1030.53,432.29,0.52,0.99,0.55
,"Sharjah, United Arab Emirates",5.45,27.23,6.81,-,-,0.48,1.43,2.52,11.98,0.63,-,-,-,81.68,0.47,888.27,1556.92,2019.32,0.92,3.13,1.60
,"Oulu, Finland",13.09,68.16,7.63,6.54,4.36,2.45,1.22,1.77,6.54,2.09,13.09,3.27,2.76,57.26,1.59,651.48,4345.93,2382.51,1.02,3.79,1.72
,"Treviso, Italy",16.32,65.30,8.71,5.44,4.35,2.78,1.81,3.22,16.78,0.78,4.35,2.12,2.90,48.97,1.53,610.63,3155.95,1700.90,2.35,1.57,2.85
,"Kathmandu, Nepal",1.68,9.35,6.54,1.87,2.80,0.40,0.71,1.30,7.37,0.30,8.41,1.78,2.73,9.82,0.96,138.89,1495.73,194.45,0.46,1.11,0.80
,"Cordoba, Argentina",7.72,32.42,8.20,1.99,2.53,0.99,1.07,1.83,6.66,1.82,3.49,1.45,3.32,45.00,1.30,283.74,1291.37,883.64,0.89,2.63,1.23
,"Tampere, Finland",13.06,78.90,8.65,5.99,5.44,2.59,1.05,1.95,6.66,1.68,10.28,3.09,3.22,52.24,1.58,755.73,3710.96,2170.95,0.91,3.47,2.95
,"Turku, Finland",13.06,78.90,8.13,6.53,5.99,2.41,0.89,1.73,6.47,1.33,10.88,2.90,2.99,56.59,1.56,688.59,3134.18,2439.25,1.09,3.08,2.18
,"Burlington, VT, United States",15.00,65.00,7.00,4.00,5.00,1.78,0.92,3.30,13.06,1.85,13.00,2.12,2.00,46.00,0.58,1137.50,1991.32,2890.33,6.43,4.21,4.41
,"Abbotsford, Canada",8.96,44.80,6.53,3.73,4.01,1.42,1.24,2.31,9.52,1.73,14.56,2.24,2.24,38.83,0.82,566.25,1791.58,1745.36,1.79,2.74,1.79
,"Barrie, Canada",11.25,44.98,6.00,3.75,4.12,1.40,1.48,2.28,9.89,1.87,11.25,2.19,3.37,49.48,0.72,737.21,2394.02,2432.93,1.07,2.60,2.87
,"Brampton, Canada",11.25,49.48,6.36,3.37,4.97,1.47,1.13,2.14,14.99,1.50,10.12,1.72,2.25,89.96,0.81,841.33,3968.13,2224.11,1.01,2.23,2.25
,"Kharkiv, Ukraine",3.58,14.25,2.50,0.52,1.24,0.41,0.55,0.83,4.08,0.40,3.00,0.52,1.04,4.52,0.89,299.77,1026.62,181.94,0.25,0.72,0.99
,"Heraklion, Greece",8.16,32.65,5.71,4.35,4.35,1.90,1.36,3.58,9.92,0.37,5.44,1.13,1.59,48.97,1.66,261.18,1330.09,976.17,0.79,3.40,1.81
,"Kiev, Ukraine",4.47,19.60,2.50,0.59,1.16,0.41,0.60,1.01,4.21,0.44,3.91,0.53,1.16,8.57,0.89,400.17,1648.42,254.81,0.32,0.84,1.01
,"Calgary, Canada",13.45,52.32,6.35,4.86,5.23,1.54,1.46,2.52,9.62,1.46,12.71,2.89,2.90,73.99,0.71,996.83,3624.49,2670.06,2.09,3.19,3.37
,"Grenoble, France",10.99,49.45,8.79,5.49,4.40,2.87,1.13,3.57,20.33,1.04,5.49,1.34,1.30,56.48,1.42,643.74,3166.03,2374.72,1.87,2.63,1.80
,"Brasilia, Brazil",6.90,38.54,7.71,1.93,4.66,1.31,1.07,1.85,9.21,1.17,9.63,1.67,3.60,48.82,1.23,436.39,3039.50,763.64,1.20,1.93,1.01
,"Edmonton, Canada",13.48,48.69,6.37,4.49,5.24,1.59,1.59,2.51,10.05,1.76,12.73,1.80,2.58,67.42,0.67,892.55,3080.82,2346.19,1.95,2.99,3.46
,"Port Of Spain, Trinidad And Tobago",7.47,59.75,5.97,1.64,2.99,0.93,1.79,3.11,7.95,1.42,17.92,2.04,2.49,37.34,0.49,753.64,1800.87,960.95,1.59,2.91,1.79
,"Lille, France",13.06,41.90,8.71,5.44,4.35,2.72,1.22,3.66,14.15,0.82,5.44,2.39,1.90,53.87,1.30,643.06,3656.55,1837.95,2.18,2.59,1.27
,"Gatineau, Canada",12.00,46.86,6.37,3.37,5.06,1.19,1.69,2.44,6.25,1.75,10.50,1.39,2.06,69.72,0.75,531.04,1499.40,1718.31,0.41,2.72,2.62
,"Guelph, Canada",11.25,46.48,6.19,3.75,4.12,1.26,2.11,2.25,10.04,1.12,10.10,1.80,2.25,58.10,0.75,760.95,2421.56,2061.68,1.68,2.65,2.62
,"Lyon, France",13.06,48.97,8.71,5.71,5.17,2.30,0.86,3.14,19.20,1.24,7.07,1.81,1.81,65.30,1.29,659.24,4506.07,2055.45,1.78,2.74,2.15
,"Hamilton, Canada",9.00,44.98,6.75,3.94,5.25,1.35,1.46,2.26,10.86,1.35,11.25,1.56,1.41,70.92,0.76,693.47,2666.44,2255.78,0.77,2.81,2.21
,"Marseille, France",13.07,43.56,8.71,5.44,4.36,2.00,1.00,3.02,11.98,0.63,4.90,1.80,1.23,40.40,1.33,588.04,3076.34,1681.10,1.36,2.12,1.37
,"Kelowna, Canada",12.00,44.98,6.75,3.75,4.50,1.40,1.38,3.11,8.25,2.00,11.25,1.78,2.43,52.48,0.81,829.00,2480.16,2019.91,0.95,2.76,5.56
,"Halifax, Canada",12.70,59.78,6.73,3.74,4.48,1.50,1.85,2.48,8.48,1.70,11.96,2.84,3.21,58.29,0.75,751.12,3031.74,2019.13,1.90,3.16,3.15
,"Montpellier, France",10.88,43.53,8.16,5.44,3.81,2.67,0.92,2.66,10.88,0.98,5.44,2.34,2.07,54.41,1.41,651.59,3808.90,1645.99,1.45,2.90,2.90
,"Kitchener, Canada",12.00,41.98,6.33,3.75,4.50,1.42,1.56,2.20,6.50,1.50,11.25,2.06,1.87,60.73,0.76,678.39,2178.82,2143.68,1.09,2.47,1.76
,"Odesa, Ukraine",6.38,20.48,2.58,0.60,1.02,0.40,0.57,0.84,4.21,0.46,5.00,0.53,0.91,13.48,0.87,232.62,1214.58,281.08,0.29,0.99,0.89
,"Nantes, France",13.06,48.97,8.71,5.17,4.35,2.83,0.94,2.50,11.61,0.63,5.44,1.63,1.81,68.56,1.37,567.93,2886.06,2220.20,1.74,2.48,1.39
,"London, Canada",11.62,44.98,6.75,3.75,4.50,1.35,1.39,2.25,6.27,1.37,10.50,2.25,2.24,60.73,0.75,664.02,1581.17,2122.48,2.28,2.66,2.21
,"Thiruvananthapuram, India",1.08,4.49,3.74,1.12,1.79,0.37,0.59,0.84,2.49,0.44,3.74,1.13,1.97,5.23,1.00,125.44,1124.98,398.76,0.48,1.07,0.55
,"Paris, France",14.28,54.94,8.79,6.59,6.59,3.52,1.28,3.59,16.09,0.83,6.59,2.02,2.11,76.92,1.45,1174.05,10482.72,2444.98,1.69,3.87,2.36
,"Mississauga, Canada",11.25,41.23,6.59,3.75,4.50,1.17,1.55,2.37,9.74,1.50,9.00,1.80,1.37,97.46,0.77,1033.96,3266.83,1949.13,1.58,2.74,1.62
,"Tromso, Norway",25.37,114.79,12.02,9.67,9.67,4.23,1.85,4.42,13.07,2.09,14.50,3.48,4.33,81.56,1.81,1193.21,5638.80,3264.46,2.42,4.32,3.02
,"Moncton, Canada",11.25,44.98,6.37,3.75,3.75,1.34,1.50,2.45,9.74,1.12,11.25,2.00,2.25,46.48,0.75,496.68,1247.33,1770.13,2.05,2.31,1.74
,"Rennes, France",12.51,47.88,8.71,5.44,4.35,2.22,1.00,2.56,12.51,0.65,5.44,1.63,2.03,43.53,1.29,533.25,3536.84,2394.17,1.47,2.19,1.80
,"Thessaloniki, Greece",10.99,32.97,6.59,3.85,4.40,1.40,1.21,3.02,8.10,0.80,6.59,1.21,1.53,32.97,1.52,299.52,1497.12,730.33,0.75,3.51,1.66
,"Strasbourg, France",12.24,54.41,8.71,5.44,4.35,2.64,1.05,2.42,17.58,0.76,6.53,1.02,1.70,52.67,1.35,621.86,3342.04,2394.17,1.20,2.61,1.31
,"Ottawa, Canada",14.98,52.44,6.74,4.49,4.49,1.50,1.40,2.40,8.28,1.73,10.11,1.73,2.07,77.35,0.73,873.46,3785.11,2297.95,1.58,2.94,1.99
,"Regina, Canada",12.74,47.23,6.00,4.87,5.25,1.45,1.29,2.32,9.01,2.67,11.25,2.80,2.94,62.23,0.73,763.29,2568.86,2496.04,1.97,3.12,3.99
,"Kosice, Slovakia",4.35,18.50,5.44,1.31,1.52,1.10,0.81,2.03,9.87,0.73,5.99,0.80,1.32,21.77,1.24,459.49,1537.16,723.33,0.62,1.50,1.39
,"Toulouse, France",14.16,54.45,8.71,6.15,4.36,2.89,0.91,3.27,14.02,1.91,5.55,2.00,1.62,50.09,1.28,653.38,3344.69,2332.43,1.96,3.05,1.45
,"Sumy, Ukraine",2.85,11.00,2.50,0.70,1.20,0.43,0.55,0.83,3.79,0.42,3.50,0.50,1.17,0.00,0.86,147.97,740.47,180.02,0.21,0.60,0.87
,"Akron, OH, United States",12.00,50.00,7.00,4.00,6.00,1.65,0.79,3.03,12.82,1.47,12.00,2.75,3.25,47.50,0.56,666.67,790.38,1736.07,0.86,3.44,4.23
,"Albuquerque, NM, United States",12.00,45.00,6.62,3.25,5.00,1.45,0.80,2.53,12.53,1.58,12.00,2.87,4.49,30.00,0.53,763.24,1436.26,2609.00,2.14,3.92,2.95
,"Split, Croatia",8.70,36.24,5.07,2.32,2.61,2.07,0.80,2.21,8.79,0.86,5.07,1.03,1.47,42.04,1.31,344.79,2945.78,683.34,0.74,1.57,1.37
,"Aachen, Germany",9.81,38.16,7.63,3.27,2.18,2.22,0.68,1.40,5.81,0.50,7.62,0.91,2.18,54.51,1.37,497.86,2943.58,2556.55,0.55,2.44,1.01
,"Saskatoon, Canada",11.21,44.84,6.73,4.48,4.86,1.63,1.01,2.53,7.94,1.68,14.57,1.62,1.80,60.53,0.71,818.58,2533.65,2035.66,2.61,2.80,3.19
,"Anchorage, AK, United States",15.00,60.00,8.25,5.00,6.00,1.88,1.18,3.67,14.33,2.38,15.00,1.42,3.33,60.00,0.65,1209.09,2404.66,3810.43,2.73,4.26,6.17
,"Windhoek, Namibia",7.17,28.74,4.31,1.44,1.44,0.76,1.17,1.92,5.99,0.96,4.31,0.99,1.13,12.57,0.83,588.09,1435.88,596.06,1.60,1.56,1.40
,"Arlington, VA, United States",17.00,64.50,6.75,5.00,7.00,1.82,1.00,3.02,16.17,2.54,13.00,1.88,1.68,125.00,0.70,1968.23,5483.49,3647.17,2.20,4.19,3.10
,"Berlin, Germany",8.72,43.61,7.63,3.27,3.27,1.81,0.77,2.00,8.91,0.51,5.45,0.90,1.27,88.31,1.40,752.47,4468.05,2131.24,1.34,2.61,1.59
,"Atlanta, GA, United States",12.00,50.00,6.50,4.00,5.00,1.73,0.82,2.48,10.15,1.70,12.00,2.50,4.32,95.00,0.55,1293.19,2580.40,3431.26,3.41,3.89,3.21
,"Aberdeen, United Kingdom",18.33,73.33,6.72,4.28,4.28,1.38,1.21,2.49,9.48,1.71,9.78,2.08,2.33,73.33,1.31,795.93,3117.24,2589.27,1.65,3.40,1.42
,"Surrey, Canada",11.25,44.98,6.75,3.75,5.06,1.31,1.18,2.79,9.25,1.37,12.74,1.75,2.12,72.42,0.89,835.38,2784.57,1439.43,1.23,2.78,4.12
,"Austin, TX, United States",12.00,50.00,6.75,4.00,5.00,1.70,0.83,2.65,9.49,1.78,13.00,1.76,2.75,41.25,0.51,1467.32,4582.06,3109.38,2.00,3.85,2.91
,"Toronto, Canada",11.21,56.06,6.73,4.48,5.23,1.42,1.73,2.39,9.42,1.50,11.21,1.95,2.00,105.76,0.77,1159.70,4921.13,2524.23,1.53,2.68,2.29
,"Bonn, Germany",10.90,45.79,7.63,3.27,3.27,2.07,0.66,1.16,4.57,0.21,7.62,1.16,3.00,76.32,1.42,810.85,4295.35,1926.05,0.61,2.94,1.35
,"Auckland, New Zealand",11.47,57.33,7.45,5.73,5.73,2.27,1.93,4.01,6.98,1.72,10.75,3.31,2.79,100.32,1.32,1210.34,6512.44,2683.93,1.98,3.31,2.10
,"Vancouver, Canada",11.20,48.54,6.72,4.48,5.23,1.41,1.78,3.00,10.68,1.77,13.44,2.86,2.60,67.95,0.90,1199.74,6754.38,2155.83,2.36,3.04,2.82
,"Bakersfield, CA, United States",12.50,50.00,6.75,4.00,5.00,1.57,0.94,2.99,10.10,1.64,16.00,4.25,4.88,36.00,0.72,794.44,1336.42,2732.94,3.85,4.40,2.63
,"Baltimore, MD, United States",15.00,56.00,7.00,4.00,6.00,1.63,1.00,2.78,12.49,1.75,13.50,2.00,2.25,68.00,0.56,1330.04,2145.03,3688.46,2.40,3.56,2.25
,"Victoria, Canada",11.25,44.98,6.75,4.50,4.87,1.47,1.72,2.77,14.84,1.88,13.49,1.98,2.67,63.72,0.85,884.65,3407.12,2308.26,1.64,3.05,3.29
,"Savannah, GA, United States",15.00,60.00,6.25,4.00,5.00,1.62,0.95,2.05,11.01,1.70,17.00,2.03,3.00,50.00,0.56,975.00,1553.59,2125.00,2.20,4.30,4.40
,"Christchurch, New Zealand",14.30,64.34,7.15,5.72,6.08,2.34,2.15,3.33,6.64,1.55,10.72,4.59,4.54,71.49,1.37,886.52,2390.75,1854.07,1.79,3.27,1.77
,"Bremen, Germany",10.89,49.00,7.51,3.81,3.81,2.01,0.74,1.72,5.99,0.76,4.36,0.67,1.66,66.43,1.51,494.57,3811.39,2504.63,0.91,2.44,1.07
,"Windsor, Canada",11.55,44.98,6.00,3.75,4.12,1.45,1.17,2.23,9.98,1.72,11.25,2.45,1.95,65.22,0.76,557.40,1008.71,2169.10,1.61,2.24,2.99
,"Birmingham, AL, United States",15.00,47.50,6.50,3.50,5.00,1.72,0.99,3.21,10.53,1.59,12.00,1.50,2.08,44.50,0.49,847.00,1220.63,2505.12,2.99,4.45,3.75
,"Belfast, United Kingdom",12.17,48.67,6.14,4.26,4.62,1.34,1.11,2.12,4.62,1.21,7.91,1.69,1.69,62.79,1.30,641.58,2433.59,1801.06,1.58,2.98,1.96
,"Winnipeg, Canada",11.25,48.73,7.50,3.75,4.50,1.46,1.23,2.48,8.27,1.65,11.25,2.32,3.05,65.60,0.71,697.82,1886.05,1796.11,2.17,2.89,2.89
,"Boise, ID, United States",13.00,45.00,6.00,3.50,5.50,1.78,0.61,2.23,10.36,1.54,12.00,1.30,2.25,30.00,0.62,772.27,1796.62,2077.78,1.59,3.97,4.48
,"Hamilton, New Zealand",12.87,67.92,8.58,5.72,5.00,2.30,1.77,3.21,6.85,1.01,12.87,2.86,4.05,120.47,1.28,754.97,1787.34,2599.08,2.09,3.11,2.02
,"Boston, MA, United States",15.00,65.00,7.50,6.00,7.00,1.79,0.89,3.16,12.49,1.67,15.00,1.56,1.89,75.00,0.56,2295.94,9077.56,4234.22,3.36,3.80,3.38
,"Birmingham, United Kingdom",12.82,48.85,6.72,3.66,3.66,1.37,1.17,2.18,6.58,1.29,8.54,1.74,2.11,72.55,1.32,853.38,3012.54,1785.26,1.30,3.01,1.59
,"Cologne, Germany",10.88,54.41,7.62,3.26,3.26,2.30,0.79,1.86,8.10,0.42,7.07,1.01,1.36,97.94,1.34,669.28,4062.83,2240.07,1.49,2.91,1.53
,"Buffalo, NY, United States",15.00,45.00,6.25,3.00,4.50,1.69,0.69,2.42,9.78,1.67,10.50,1.91,1.41,75.00,0.62,872.73,937.06,2400.00,1.80,3.45,3.14
,"Charlotte, NC, United States",12.00,50.00,6.50,4.00,5.00,1.65,0.86,2.15,10.34,2.00,13.00,1.85,2.60,88.00,0.54,1286.36,2108.45,2589.29,3.31,3.40,2.91
,"Bournemouth, United Kingdom",14.67,67.22,6.11,3.91,3.67,1.32,0.99,2.66,11.00,1.01,9.17,1.53,1.55,67.22,1.29,738.39,4220.52,1768.81,1.64,3.02,1.41
,"Dresden, Germany",6.53,40.84,6.53,3.27,3.27,2.42,0.66,1.29,5.81,0.23,5.44,0.79,1.22,64.25,1.52,513.22,3103.56,1888.00,0.67,2.74,1.36
,"Chicago, IL, United States",15.00,65.00,7.50,5.00,6.00,1.82,0.82,2.80,10.77,1.83,15.00,1.66,1.76,100.00,0.66,1699.29,3334.50,3400.54,2.71,3.92,5.71
,"Bristol, United Kingdom",14.63,60.95,7.31,4.45,4.27,1.21,0.97,2.19,9.02,1.21,9.75,1.89,1.60,80.45,1.31,1019.09,4370.08,1921.05,1.32,3.12,1.65
,"Cincinnati, OH, United States",13.50,45.00,6.25,3.00,5.00,1.61,0.69,2.15,8.02,1.48,10.00,1.50,2.14,89.00,0.60,975.18,1590.93,2733.33,2.53,4.00,2.52
,"Cleveland, OH, United States",12.00,52.17,6.25,3.75,5.00,1.65,0.83,2.52,10.57,1.72,12.99,1.05,1.33,85.00,0.58,897.92,646.87,2599.30,4.77,3.58,3.32
,"Colorado Springs, CO, United States",12.00,50.00,6.50,4.00,5.25,1.78,0.72,2.62,11.02,1.87,13.00,2.50,3.67,61.50,0.53,769.25,1503.72,3332.56,1.98,4.59,5.51
,"Cambridge, United Kingdom",17.05,60.89,6.09,4.26,4.75,1.66,1.11,2.51,6.20,1.13,9.44,1.87,1.66,65.77,1.30,1211.69,4945.77,2547.79,1.83,2.90,1.40
,"Frankfurt, Germany",11.99,54.51,7.63,3.82,3.54,2.38,0.89,2.59,11.86,0.68,5.45,1.13,1.55,93.76,1.38,894.70,5605.52,2697.72,1.61,3.08,2.43
,"Columbus, OH, United States",12.00,45.00,6.00,3.25,5.00,1.60,0.71,2.15,9.01,2.26,13.50,1.50,2.03,62.00,0.56,950.81,2023.05,2513.18,2.10,3.43,4.16
,"Cardiff, United Kingdom",12.22,55.00,6.72,3.79,3.85,1.12,1.03,1.83,7.50,1.22,6.42,2.06,1.75,55.00,1.31,746.83,2444.32,1975.41,1.13,3.07,1.22
,"Corpus Christi, TX, United States",12.50,52.00,6.50,3.38,4.50,1.86,1.00,3.09,7.68,2.15,13.50,2.50,3.00,40.00,0.52,957.50,1345.49,2118.75,2.47,4.20,2.15
,"Dallas, TX, United States",12.00,50.00,7.00,4.50,6.00,1.83,0.74,2.60,10.61,1.77,9.00,1.41,1.54,80.00,0.52,1236.95,2062.13,3690.04,1.75,3.99,3.06
,"Denver, CO, United States",13.00,60.00,6.99,4.00,6.00,1.75,0.77,3.24,10.72,1.70,15.00,2.37,3.02,99.00,0.54,1510.68,3787.25,3319.12,2.69,4.26,3.80
,"Des Moines, IA, United States",10.00,50.00,7.00,3.00,5.00,1.43,0.89,2.88,11.02,1.67,13.00,2.75,3.10,44.00,0.58,900.00,1428.78,2155.71,4.41,3.85,4.35
,"Coventry, United Kingdom",12.22,53.77,5.67,3.42,3.06,1.09,0.90,1.94,7.61,1.01,6.11,1.71,1.77,61.11,1.32,824.96,1833.24,2014.42,0.94,2.80,1.42
,"Tauranga, New Zealand",14.32,71.58,8.59,4.65,5.73,2.12,1.68,3.34,6.92,0.71,12.17,3.94,5.73,58.62,1.34,1008.09,2541.09,2017.53,1.88,3.35,2.50
,"Detroit, MI, United States",12.00,40.00,7.00,3.25,5.00,1.81,0.64,2.21,12.42,2.16,12.00,2.27,3.08,49.50,0.57,1071.07,951.84,3087.50,3.34,3.75,4.25
,"Playa del Carmen, Mexico",3.50,21.57,3.83,1.35,2.43,0.59,0.77,1.33,4.31,0.59,5.93,0.65,1.35,21.49,0.73,440.34,880.67,440.34,0.79,1.93,0.54
,"Hamburg, Germany",10.88,54.41,7.88,3.81,3.26,2.08,0.74,2.34,11.95,0.53,5.44,1.03,1.38,89.24,1.40,872.32,5658.94,2478.80,1.49,2.90,1.96
,"Durham, NC, United States",10.25,50.00,6.50,4.00,5.00,1.86,0.92,3.00,10.75,1.33,12.00,2.50,1.70,35.00,0.56,1021.43,1264.76,3554.00,3.19,3.50,3.67
,"Derby, United Kingdom",12.22,48.89,6.72,3.67,3.67,1.28,1.10,2.47,5.92,1.26,9.78,1.96,1.83,67.22,1.31,602.35,1833.24,2039.48,1.43,3.12,1.08
,"Bolzano-Bozen, Italy",14.15,65.30,8.71,4.35,4.35,3.26,1.09,4.24,12.24,0.82,7.89,1.51,0.98,21.77,1.62,870.61,6420.72,1548.59,1.56,1.96,2.87
,"El Paso, TX, United States",10.00,40.00,6.00,3.25,4.50,1.50,0.78,2.27,10.93,1.66,9.99,2.22,2.50,38.50,0.53,609.44,980.86,1856.28,1.98,3.54,3.86
,"Hanover, Germany",10.34,43.53,7.62,3.81,3.05,2.22,0.60,1.24,6.53,0.30,5.44,1.08,1.34,70.74,1.41,531.43,2394.17,2738.78,1.12,2.72,1.16
,"Fort Worth, TX, United States",12.00,37.50,6.42,3.00,5.00,1.56,0.65,2.04,11.04,1.90,10.00,1.87,2.87,90.00,0.52,924.40,2120.49,3480.71,2.62,3.84,3.23
,"Wellington, New Zealand",11.80,57.19,7.15,5.72,5.72,2.13,1.72,3.05,6.36,1.18,9.29,4.11,4.89,89.37,1.38,901.71,3693.84,2831.85,1.68,3.15,2.18
,"Fremont, CA, United States",12.00,50.00,8.00,5.00,6.50,1.69,1.07,4.00,12.49,1.33,10.00,2.10,2.00,89.00,0.73,2034.44,6476.80,4600.00,1.73,3.61,1.93
,"Dundee, United Kingdom",12.22,48.89,6.11,3.67,3.67,1.37,0.81,2.44,6.11,0.62,8.56,2.02,1.83,42.78,1.28,514.66,1222.16,1581.06,1.22,2.86,0.99
,"Charleston, SC, United States",11.00,77.50,7.39,4.00,5.50,1.79,0.95,3.56,9.55,3.50,14.99,1.65,2.33,40.00,0.50,1533.33,5916.56,3550.00,4.33,4.54,3.61
,"Fresno, CA, United States",15.00,40.00,7.50,3.00,4.00,1.73,1.00,3.01,9.05,2.04,13.50,3.00,2.10,48.00,0.68,875.00,1552.99,2193.75,1.83,4.21,2.80
,"Waterloo, Canada",11.25,52.48,6.75,4.18,4.50,1.66,2.81,2.79,9.90,1.62,11.25,2.12,2.00,59.60,0.75,720.18,2931.12,2734.53,1.95,3.04,1.90
,"Santiago, Chile",7.54,37.69,6.02,2.04,3.01,1.21,1.12,2.53,9.04,1.28,6.03,1.19,1.86,49.75,1.10,440.77,1924.78,852.22,1.27,2.58,1.42
,"Merida, Mexico",4.04,18.87,3.91,1.08,1.89,0.67,0.82,1.44,5.90,0.69,6.61,0.99,2.26,22.86,0.74,205.06,501.98,332.68,1.23,2.02,0.86
,"Karlsruhe, Germany",11.97,54.41,7.62,3.26,2.72,2.09,0.89,1.65,5.99,0.21,4.35,0.89,2.45,62.03,1.41,698.30,2938.30,2320.71,0.71,2.91,1.01
,"Grand Rapids, MI, United States",12.00,50.00,6.50,4.00,5.00,1.52,0.66,2.21,9.92,1.39,11.00,2.70,3.25,43.50,0.58,1031.25,1284.09,2677.87,1.67,3.58,4.15
,"Fort Collins, CO, United States",12.50,50.00,7.00,5.50,6.00,1.68,0.75,3.41,11.02,1.83,18.99,2.00,3.00,25.00,0.59,1084.38,2434.80,2300.00,3.46,4.22,3.31
,"Edinburgh, United Kingdom",13.41,60.95,6.09,4.63,4.88,1.36,1.05,2.44,8.82,1.09,8.53,1.86,2.05,65.82,1.31,816.65,3508.88,2039.60,1.52,3.20,1.65
,"Greensboro, NC, United States",10.00,46.00,7.00,3.00,4.75,1.77,0.96,2.63,9.70,1.87,8.00,1.25,2.29,58.00,0.56,784.00,767.83,3487.50,6.24,4.22,4.23
,"Exeter, United Kingdom",12.22,61.11,5.81,4.16,4.03,1.38,0.95,2.90,5.48,1.89,7.94,1.49,1.47,61.10,1.31,745.52,3666.47,1466.59,3.18,3.03,0.86
,"Fort McMurray, Canada",13.12,59.98,7.50,4.50,5.25,1.74,2.36,2.43,11.24,2.12,12.00,3.00,3.00,33.74,0.76,1068.32,4023.27,3688.53,3.19,2.97,4.07
,"Glasgow, United Kingdom",14.63,60.95,6.09,4.27,4.27,1.51,1.08,2.54,5.53,1.27,8.53,2.03,1.85,54.85,1.28,735.74,2432.77,2087.26,1.46,3.15,1.30
,"Honolulu, HI, United States",15.00,61.00,7.95,4.50,6.00,1.91,1.69,4.03,13.10,2.07,15.00,2.15,3.17,60.00,0.69,1731.73,6800.55,2792.00,4.27,4.74,3.72
,"Leipzig, Germany",9.79,48.97,6.53,3.26,3.26,2.02,0.73,1.71,10.07,0.24,5.44,0.54,1.63,72.91,1.44,459.49,2539.27,1440.39,0.60,2.61,0.95
,"Houston, TX, United States",14.00,60.00,7.00,3.25,5.00,1.73,0.83,2.90,8.98,1.40,12.50,1.72,2.12,45.00,0.50,1284.47,1972.36,3553.66,2.39,3.82,4.02
,"Indianapolis, IN, United States",12.00,42.50,6.50,3.50,5.00,1.63,0.68,2.75,10.39,1.29,16.50,2.35,3.65,60.00,0.54,984.47,1166.99,2004.00,2.41,3.91,2.93
,"Barranquilla, Colombia",3.07,17.03,4.09,0.85,1.70,0.63,0.77,1.43,3.41,1.31,7.66,0.68,1.45,16.35,0.81,241.30,1078.75,350.88,0.61,1.17,0.78
,"Mannheim, Germany",10.88,54.41,7.62,3.81,3.70,2.68,0.74,1.98,7.35,0.34,4.35,0.94,1.20,74.00,1.40,506.04,2883.88,2785.94,0.98,2.98,0.90
,"Bogota, Colombia",3.38,20.26,5.07,1.01,2.03,0.74,0.88,1.48,3.79,1.08,10.13,0.91,2.10,27.01,0.70,405.06,1826.54,391.13,1.01,1.29,1.23
,"Jackson, MS, United States",12.00,60.00,6.50,3.00,4.75,1.73,0.92,2.87,10.06,2.00,12.00,2.20,2.65,40.00,0.54,800.00,856.93,2763.27,4.81,4.34,6.68
,"Abuja, Nigeria",5.16,17.37,6.32,0.87,1.26,0.40,1.42,1.30,13.09,0.48,7.89,0.74,1.32,100.00,0.35,221.05,2500.00,473.67,2.11,2.84,0.99
,"Munich, Germany",13.09,54.53,7.63,3.82,3.82,2.70,0.85,1.98,9.92,0.67,5.45,0.98,1.18,70.23,1.40,1071.00,8564.20,2814.43,1.67,2.99,1.83
,"Jacksonville, FL, United States",15.00,50.00,7.00,3.25,4.75,1.81,0.99,2.82,8.98,1.86,10.00,1.49,2.42,50.00,0.54,915.28,1236.28,2235.67,3.12,3.68,4.00
,"Leeds, United Kingdom",12.19,48.76,6.09,3.66,3.66,1.30,1.09,2.39,11.88,1.02,7.31,1.51,1.53,67.04,1.31,759.00,1919.81,1923.62,1.30,3.23,1.57
,"Jersey City, NJ, United States",12.50,50.00,8.00,5.00,7.50,1.83,0.93,2.26,13.73,2.00,17.50,1.00,1.67,89.00,0.52,2286.33,5374.78,4726.56,1.95,3.67,2.50
,"Cali, Colombia",2.73,17.04,5.11,0.82,1.45,0.62,0.87,1.50,2.21,0.79,7.16,0.69,1.33,32.72,0.70,201.53,775.43,268.15,0.51,1.56,0.84
,"Leicester, United Kingdom",18.33,58.66,6.72,4.16,4.28,1.31,1.15,2.40,9.66,1.64,8.56,1.39,2.14,45.83,1.32,610.40,8105.30,1749.72,1.63,3.24,1.27
,"Kansas City, MO, United States",12.00,46.00,6.50,4.00,5.00,1.64,0.88,2.82,8.13,1.39,12.00,1.84,2.93,50.00,0.54,941.00,1396.43,3287.06,1.62,3.88,3.25
,"Nuremberg, Germany",10.88,54.41,7.62,3.26,3.26,2.29,0.80,2.00,8.01,0.33,4.35,0.95,1.48,76.18,1.41,607.61,2902.02,2454.02,1.47,2.91,1.66
,"Las Vegas, NV, United States",14.50,57.50,7.00,4.00,6.00,1.83,0.86,2.50,11.77,1.94,12.00,2.68,3.19,65.00,0.67,874.78,1662.04,2560.24,3.20,4.37,3.05
,"The Hague, Netherlands",16.35,65.41,7.63,4.36,4.36,2.33,1.03,2.29,8.64,1.19,5.45,1.11,1.38,83.95,1.66,1147.75,3070.77,2194.06,1.52,2.95,1.83
,"London, United Kingdom",18.28,67.04,6.09,5.36,4.88,1.43,1.11,2.68,7.19,1.10,9.75,2.05,2.20,158.46,1.35,2048.83,19033.48,2514.80,1.44,3.21,1.76
,"Little Rock, AR, United States",12.00,45.00,7.00,3.50,4.00,1.44,0.95,2.72,7.17,2.04,12.00,2.83,5.50,36.00,0.51,747.22,1216.08,2675.75,4.41,3.63,4.29
,"Harrisburg, PA, United States",12.00,45.00,7.00,3.00,4.50,1.72,0.96,2.66,10.88,1.75,10.00,2.33,3.25,49.00,0.58,700.00,1085.58,2700.00,2.33,3.20,4.57
,"Los Angeles, CA, United States",15.00,60.00,7.00,5.00,6.00,1.84,0.98,3.60,9.95,1.67,12.00,2.28,3.01,100.00,0.78,1841.60,5634.68,3407.61,2.69,4.05,3.95
,"Louisville, KY, United States",10.00,50.00,6.50,3.21,5.00,1.61,0.71,2.15,7.85,1.75,11.50,2.38,3.60,50.00,0.59,803.29,1279.95,2688.89,4.13,2.83,4.41
,"Manchester, United Kingdom",14.67,55.00,6.11,4.28,4.28,1.53,0.96,2.14,7.44,1.19,8.56,1.45,2.02,62.33,1.31,852.86,3014.59,1965.34,1.50,3.16,1.39
,"Madison, WI, United States",11.50,50.00,6.69,4.38,5.00,1.82,0.77,2.00,8.92,1.72,10.00,1.82,1.88,58.00,0.55,1086.50,2239.28,2823.00,1.77,3.52,3.34
,"Milton Keynes, United Kingdom",12.22,55.00,7.33,4.22,4.89,2.00,1.07,3.33,11.35,1.06,7.33,1.28,1.79,56.83,1.32,1037.48,4888.63,1981.32,2.14,3.55,1.20
,"Memphis, TN, United States",12.50,49.50,7.25,3.50,5.00,1.40,0.94,2.68,9.64,1.87,15.00,1.58,3.02,50.00,0.53,945.75,998.65,2744.00,4.88,4.60,4.56
,"Valletta, Malta",16.32,65.30,7.89,2.99,2.99,1.63,0.97,1.96,6.53,0.83,5.44,1.48,2.18,29.38,1.48,676.27,7617.80,1111.58,1.16,2.36,2.18
,"Newcastle Upon Tyne, United Kingdom",12.22,58.05,6.11,4.22,3.67,1.13,0.95,2.02,6.98,1.18,8.56,1.45,1.34,67.22,1.31,729.90,2485.05,1900.86,0.98,3.19,1.37
,"Mesa, AZ, United States",12.00,50.00,7.00,3.50,4.50,1.58,0.68,2.18,12.12,1.25,9.50,2.00,2.53,64.00,0.54,637.00,1485.13,2604.80,2.04,3.40,5.51
,"Miami, FL, United States",15.00,70.00,7.50,5.00,6.50,1.84,0.93,2.87,11.00,1.77,15.00,2.83,3.67,112.00,0.61,1727.17,5205.21,2805.23,2.45,4.09,4.05
,"Milwaukee, WI, United States",15.00,50.00,6.00,4.00,5.00,1.65,0.82,2.32,11.46,1.83,13.50,2.17,2.15,64.00,0.59,853.86,1623.75,2565.65,1.37,4.01,3.39
,"Minneapolis, MN, United States",12.50,50.00,6.50,5.00,6.00,1.77,0.78,2.47,11.02,1.76,13.50,1.54,2.18,79.50,0.57,1291.44,2377.65,2906.74,2.28,3.94,4.61
,"Taichung, Taiwan",3.16,22.12,3.79,1.58,2.03,0.87,3.48,1.90,23.70,1.09,12.64,1.17,2.04,-,0.79,302.20,3757.55,953.33,1.58,1.86,2.57
,"Northampton, United Kingdom",12.22,58.05,6.11,3.97,3.67,1.45,1.12,1.96,11.00,1.01,10.38,1.34,1.83,61.11,1.32,694.19,1513.27,1868.27,1.34,3.35,1.11
,"Mobile, AL, United States",12.25,45.00,6.19,2.88,3.88,1.43,0.85,2.65,6.96,2.40,12.50,2.26,3.13,40.00,0.51,653.83,936.81,2728.57,3.19,4.62,3.06
,"Norwich, United Kingdom",13.44,64.16,5.93,4.28,4.89,1.58,1.20,2.17,7.09,0.88,8.54,1.87,1.70,75.77,1.31,697.31,2656.30,1701.26,1.71,2.92,1.77
,"Nottingham, United Kingdom",9.75,48.76,6.09,3.66,3.66,1.14,1.12,2.19,6.77,1.19,8.84,1.63,2.22,60.95,1.31,627.75,4388.13,2109.22,1.29,3.08,1.82
,"New Orleans, LA, United States",15.00,55.50,7.00,2.50,4.50,1.69,1.10,2.70,13.00,1.77,13.50,2.60,3.64,55.00,0.51,1284.38,2431.75,2224.22,2.09,3.61,3.35
,"Boulder, CO, United States",13.00,65.00,6.50,5.00,5.00,1.92,1.17,2.85,12.16,1.97,12.00,1.12,1.75,80.00,0.53,1216.82,4279.02,3671.67,1.77,4.39,4.56
,"Stuttgart, Germany",10.88,54.41,7.07,3.81,3.26,2.54,0.74,2.02,7.45,0.33,5.44,0.84,0.99,87.06,1.43,699.45,4810.72,2539.99,0.97,2.75,2.07
,"Oxford, United Kingdom",12.22,64.16,6.11,4.89,4.40,1.62,1.09,2.61,8.56,1.14,8.56,1.55,1.87,65.39,1.31,1349.93,5713.38,2146.41,1.04,3.27,1.11
,"New York, NY, United States",18.00,80.00,8.00,6.00,7.00,1.94,1.07,3.70,13.23,2.01,15.00,2.28,2.90,116.50,0.66,2920.32,13927.07,3901.44,3.52,4.22,5.95
,"Lagos, Nigeria",1.58,18.95,4.74,0.79,1.26,0.30,1.84,1.47,8.68,0.44,4.26,0.81,1.25,42.63,0.43,589.45,529.81,330.25,1.16,2.17,1.61
,"Newark, NJ, United States",15.00,57.50,8.00,4.00,6.50,1.67,0.87,2.60,10.51,1.25,12.50,1.50,3.75,66.00,0.53,1086.88,1318.58,2801.67,0.89,4.00,1.77
,"Norfolk, VA, United States",12.50,60.00,7.22,4.38,4.75,1.78,0.86,2.72,18.36,1.47,13.50,2.00,2.62,60.00,0.51,1198.80,2152.78,2031.56,5.13,4.22,5.50
,"Reading, United Kingdom",14.67,61.11,6.36,4.28,4.12,1.47,0.95,1.73,6.90,0.59,9.78,2.01,1.83,72.11,1.31,1137.29,4277.55,2043.69,0.90,2.90,2.16
,"Oakland, CA, United States",15.00,70.00,7.00,5.00,7.00,1.94,1.08,3.34,26.09,2.33,16.00,1.83,2.70,75.00,0.77,2255.88,6692.79,3283.38,3.30,3.89,2.77
,"Oklahoma City, OK, United States",10.00,40.00,7.00,3.38,5.00,1.64,0.99,2.45,10.20,1.40,10.50,1.05,1.38,22.50,0.48,839.58,1185.38,2287.11,2.23,3.58,3.48
,"Chandigarh, India",2.99,8.97,3.44,1.35,1.91,0.32,0.65,0.90,3.39,0.42,7.48,1.18,1.64,5.38,0.94,153.56,461.48,465.22,0.28,1.24,0.87
,"Omaha, NE, United States",12.00,35.00,6.72,3.00,4.00,1.48,0.79,2.51,11.12,2.44,11.00,2.75,2.83,55.00,0.56,868.57,1363.43,2553.48,2.07,3.65,3.39
,"Orlando, FL, United States",15.00,50.00,7.00,3.50,5.00,1.81,0.99,2.68,12.96,1.83,10.00,2.28,3.44,50.00,0.53,1201.72,1692.55,2786.68,2.65,4.14,6.16
,"Sheffield, United Kingdom",15.28,51.94,6.11,3.67,3.67,1.21,1.04,2.19,10.75,1.00,8.35,1.63,1.71,58.66,1.30,672.80,1222.16,1834.11,1.18,3.04,1.71
,"Athens, Greece",12.00,38.17,6.54,3.82,4.36,1.40,1.34,3.42,9.46,1.02,7.63,1.38,1.77,32.72,1.51,291.98,1524.52,773.80,0.88,3.17,1.79
,"Philadelphia, PA, United States",12.00,60.00,7.25,4.00,6.00,1.76,1.02,3.12,13.69,2.30,15.00,2.15,2.08,91.00,0.61,1556.75,3237.90,2972.14,3.16,3.61,3.60
,"Southampton, United Kingdom",12.22,58.05,6.11,3.97,3.67,1.41,1.11,2.60,6.44,1.52,8.56,1.69,2.06,67.22,1.31,824.96,2698.93,2150.62,1.45,3.09,1.64
,"Phoenix, AZ, United States",14.00,50.00,7.25,3.00,4.50,1.67,0.62,2.68,10.17,1.39,12.00,0.92,1.96,64.00,0.54,904.73,1795.66,3091.01,2.12,4.26,3.47
,"Pittsburgh, PA, United States",14.00,50.00,7.00,3.25,5.00,1.81,0.92,3.11,13.71,1.81,12.00,2.33,2.42,97.50,0.63,1116.91,1302.16,3477.27,3.26,3.55,4.23
,"Patras, Greece",10.88,32.65,6.53,3.81,3.81,1.61,1.38,2.46,6.87,0.84,5.99,0.83,1.52,32.65,1.49,249.09,1556.21,874.84,0.73,3.02,1.50
,"Plano, TX, United States",9.00,50.00,6.00,4.00,6.00,1.61,0.75,1.89,9.11,1.42,12.50,1.83,3.00,85.00,0.52,1130.56,1497.98,4131.55,2.26,4.60,2.65
,"Portland, OR, United States",13.00,55.00,7.00,4.00,5.00,1.74,0.87,2.89,13.54,1.87,13.00,2.17,2.90,100.00,0.63,1457.35,3860.56,3287.92,2.86,3.77,4.36
,"Raleigh, NC, United States",12.00,50.00,6.12,4.00,5.00,1.53,0.90,2.84,7.29,1.61,14.10,1.88,1.95,45.00,0.56,1002.72,2083.41,3390.80,3.09,3.58,3.76
,"Santa Rosa, CA, United States",14.00,55.00,6.00,4.50,5.75,1.79,1.12,3.70,12.56,1.00,15.00,2.17,3.33,50.00,0.73,1510.00,3067.71,3250.00,2.20,4.06,4.48
,"Reno, NV, United States",13.00,50.00,5.50,3.00,4.50,1.21,0.68,2.24,8.45,0.97,10.50,2.06,2.16,65.00,0.63,733.67,1785.73,2068.07,1.99,3.94,2.38
,"Richmond, VA, United States",12.00,47.50,6.00,4.00,6.00,1.86,0.74,2.72,8.12,1.86,10.00,2.88,3.60,60.00,0.51,1012.33,2007.34,2685.97,3.24,4.00,4.51
,"Swansea, United Kingdom",12.22,48.89,6.71,3.67,3.97,1.69,0.95,3.14,4.58,2.65,7.94,2.44,2.85,90.44,1.28,682.37,1833.24,1621.40,1.75,3.09,1.00
,"Rochester, NY, United States",12.50,50.00,8.00,4.00,4.75,1.85,0.68,2.20,13.13,2.05,17.49,2.25,1.62,56.00,0.57,811.43,878.49,2625.00,1.93,3.73,2.49
,"Sacramento, CA, United States",13.65,48.00,7.00,4.00,5.00,1.87,0.95,3.08,11.78,1.80,12.00,1.62,1.81,100.00,0.68,1005.11,2920.19,2758.50,2.14,3.92,3.35
,"Budapest, Hungary",5.31,28.33,5.31,1.24,1.42,0.91,0.76,1.69,5.82,0.37,4.25,0.82,1.11,33.64,1.18,424.31,1744.71,628.25,0.70,1.33,1.08
,"Saint Louis, MO, United States",12.00,50.00,6.00,4.25,5.00,1.74,0.76,2.71,14.55,2.18,12.00,2.46,3.96,78.00,0.54,901.48,1541.67,2531.25,1.26,3.95,2.73
,"Debrecen, Hungary",4.76,21.16,5.11,1.06,1.41,0.84,0.75,1.68,5.23,0.41,4.94,0.77,1.00,22.92,1.18,327.14,913.09,426.26,0.73,1.10,1.08
,"Saint Paul, MN, United States",11.50,45.00,6.75,3.75,5.50,1.52,0.85,2.65,10.29,1.83,15.00,1.42,2.25,80.00,0.61,1048.89,2174.31,2242.25,3.25,4.08,2.28
,"Saint Petersburg, FL, United States",15.00,50.00,6.75,4.00,6.00,1.77,1.00,2.78,13.96,2.80,10.00,1.00,1.18,65.00,0.52,1164.29,2202.67,3500.00,2.30,3.92,2.28
,"Salt Lake City, UT, United States",12.00,50.00,7.00,4.00,6.00,1.58,0.63,1.78,12.54,1.66,15.00,1.73,2.46,83.75,0.58,1023.04,2135.98,3214.78,1.83,4.41,3.19
,"San Antonio, TX, United States",10.00,42.50,6.50,3.00,4.25,1.58,0.77,2.37,9.58,1.40,15.00,1.98,3.20,37.00,0.50,901.15,1481.55,2701.61,2.50,3.86,2.46
,"Quebec City, Canada",11.25,44.98,6.75,3.75,4.50,1.32,1.55,2.43,9.57,1.42,11.25,1.87,2.32,62.97,0.79,548.12,2202.51,1890.91,2.12,2.86,2.96
,"San Diego, CA, United States",13.00,55.00,7.00,5.00,7.00,1.51,0.96,3.92,12.85,2.28,12.00,2.17,4.00,72.00,0.76,1775.49,5045.94,3317.26,3.42,3.81,4.19
,"San Francisco, CA, United States",15.00,75.00,8.00,6.00,7.00,2.01,1.17,4.09,17.46,2.33,15.00,2.48,2.97,70.00,0.81,3352.25,11913.94,4498.77,4.51,4.09,5.97
,"San Jose, CA, United States",12.50,60.00,7.00,4.12,5.38,1.73,1.03,4.11,12.29,1.70,10.00,1.88,3.05,70.00,0.75,2497.11,6764.22,5476.00,3.23,4.28,3.03
,"Seattle, WA, United States",13.00,60.00,7.00,5.00,6.00,1.79,0.94,3.20,15.53,1.84,14.00,1.33,1.95,99.00,0.67,1780.00,5674.32,3865.68,1.74,3.91,3.86
,"Shreveport, LA, United States",13.00,35.50,7.50,3.00,4.50,1.76,1.30,2.43,8.51,2.00,12.00,2.40,4.25,40.00,0.50,800.00,1016.59,1836.24,2.31,4.25,1.98
,"Spokane, WA, United States",13.50,50.00,6.00,4.00,5.00,1.20,0.72,2.69,9.78,1.85,12.50,2.50,5.41,40.00,0.64,713.64,1434.29,2086.25,1.52,3.88,5.14
,"Tacoma, WA, United States",11.00,45.00,8.00,3.50,6.00,1.85,0.79,2.85,8.44,1.66,12.00,1.59,1.84,64.50,0.64,972.50,2185.07,2800.00,2.04,3.54,3.47
,"Malmo, Sweden",11.22,50.50,7.80,6.73,5.61,2.00,1.16,2.76,9.66,1.51,8.98,1.78,2.04,56.00,1.49,789.58,3167.72,2454.14,0.88,3.80,2.66
,"Tampa, FL, United States",12.50,45.00,7.00,4.00,6.00,1.52,1.02,3.24,12.81,2.14,8.50,2.16,3.02,65.00,0.53,1156.83,2176.45,2285.07,1.91,3.67,3.09
,"Toledo, OH, United States",13.00,42.50,6.25,3.00,4.50,1.49,0.64,2.11,8.82,1.25,12.00,1.26,3.00,50.00,0.55,515.62,1476.34,1966.67,1.74,4.22,3.78
,"Hartford, CT, United States",15.50,60.00,7.75,4.00,5.00,1.53,1.08,3.08,8.63,2.75,13.50,1.88,2.75,47.50,0.60,1297.50,1074.60,2911.11,2.70,4.17,3.31
,"Tucson, AZ, United States",12.00,42.75,6.50,3.99,5.00,1.71,0.60,2.54,9.11,1.36,10.00,1.05,1.78,42.00,0.51,628.33,1345.15,2666.60,2.02,4.09,2.49
,"Tulsa, OK, United States",10.00,45.00,6.00,3.25,5.00,1.55,1.02,2.38,7.35,2.00,13.50,2.62,3.66,40.00,0.48,776.56,1084.08,2489.06,1.26,3.20,2.92
,"Virginia Beach, VA, United States",13.00,42.50,7.33,3.00,5.00,1.64,0.70,2.33,10.29,1.40,18.00,2.00,3.00,50.00,0.51,1084.75,2495.63,2666.67,1.27,3.75,2.76
,"Washington, DC, United States",15.00,72.50,7.00,6.00,8.00,1.87,1.02,3.56,14.99,2.03,15.00,1.00,2.66,225.00,0.64,2137.21,5872.52,3942.32,2.25,4.16,4.22
,"Wichita, KS, United States",10.50,50.00,6.22,4.00,5.00,1.68,0.80,2.63,13.50,2.00,14.00,2.56,3.33,50.00,0.55,824.89,995.95,2107.74,2.49,3.50,5.24
,"Columbia, SC, United States",11.00,45.00,7.00,3.00,4.00,1.64,1.00,2.70,10.71,2.00,14.00,1.00,2.00,40.00,0.50,878.12,1238.93,1772.75,3.30,4.00,3.98
,"Montevideo, Uruguay",12.44,42.66,9.60,2.49,3.38,1.38,0.97,2.82,10.26,1.29,6.75,1.90,2.39,42.66,1.54,528.81,2520.19,635.62,1.90,2.87,1.39
,"Kota Kinabalu, Malaysia",1.92,14.38,2.88,2.88,3.36,0.59,1.61,1.22,25.16,0.56,15.58,2.40,2.40,23.97,0.48,212.98,1842.92,585.03,1.36,2.69,0.75
,"Kigali, Rwanda",2.76,24.52,5.82,1.23,1.84,0.56,0.77,1.50,4.84,1.04,12.26,0.99,1.71,9.81,1.10,422.17,6129.57,290.68,0.37,2.14,1.24
,"Brighton, United Kingdom",14.63,73.14,7.31,4.88,4.87,1.49,0.93,3.02,8.11,1.51,8.53,1.99,1.84,84.11,1.33,1053.50,4723.33,1849.72,1.55,3.07,1.18
,"Reykjavik, Iceland",17.46,104.77,13.10,8.73,8.29,2.54,1.29,5.42,13.01,2.23,20.95,3.00,2.88,95.16,1.70,1419.22,3618.47,2714.69,2.62,4.58,3.09
,"Caracas, Venezuela",5.00,42.00,6.00,0.90,2.00,0.81,1.00,1.79,4.17,0.90,8.00,0.95,2.53,5.00,0.01,313.33,1716.67,25.94,1.42,0.85,1.55
,"Cancun, Mexico",5.39,32.35,4.45,1.08,1.75,0.68,0.84,1.46,5.81,0.66,5.66,0.87,1.84,21.57,0.77,281.66,731.50,582.32,0.92,2.03,0.77
,"Asheville, NC, United States",14.00,50.00,7.00,3.50,4.50,1.81,0.94,3.00,10.07,2.00,10.99,2.00,2.83,22.50,0.56,1153.89,5238.44,3217.29,4.20,3.66,4.41
,"Cebu, Philippines",5.00,15.46,2.06,0.95,1.65,0.79,1.62,1.66,11.04,0.63,5.15,0.74,1.57,20.61,0.76,421.36,1901.20,276.06,1.34,2.18,0.99
,"Bath, United Kingdom",13.80,66.56,6.41,4.27,4.40,1.61,1.34,4.64,24.43,1.07,14.66,2.32,2.77,61.06,1.33,909.87,3908.16,2718.61,2.32,2.97,1.14
,"Cork, Ireland",13.19,60.44,8.24,5.33,5.49,1.98,1.10,3.42,9.41,1.54,10.99,3.17,2.64,90.65,1.37,990.13,3405.90,2788.98,1.96,3.03,1.76
,"Davao, Philippines",1.66,8.80,1.86,1.04,1.66,0.35,1.52,1.42,12.95,0.52,4.66,0.83,1.47,20.72,0.80,198.09,1463.00,310.73,0.85,1.73,0.90
,"Dublin, Ireland",16.48,65.93,8.24,5.49,5.49,1.67,1.04,2.90,11.85,1.42,12.09,2.68,2.77,131.86,1.41,1395.00,5455.24,2711.26,1.47,3.13,1.95
,"Heidelberg, Germany",12.51,43.53,7.62,3.26,3.26,2.50,0.71,2.19,8.16,0.77,6.80,0.91,1.89,73.02,1.56,761.78,4080.97,2890.73,1.22,2.90,1.77
,"Penang, Malaysia",2.41,14.43,3.25,3.13,3.61,0.59,1.67,1.27,13.35,0.55,13.23,2.08,3.37,19.24,0.45,233.83,1683.72,844.90,1.09,2.41,1.06
,"Galway, Ireland",14.17,54.51,7.63,5.01,5.45,1.67,0.92,2.44,8.19,1.20,9.81,3.21,3.33,78.50,1.37,886.19,1748.10,2474.79,0.94,2.76,2.11
,"Santo Domingo, Dominican Republic",6.50,32.49,7.58,2.17,3.47,0.84,1.27,1.94,8.62,1.41,8.66,1.87,3.37,17.33,1.12,418.74,1212.91,323.53,1.14,1.90,1.05
,"Limerick, Ireland",15.24,54.41,8.71,4.90,4.90,1.78,1.10,2.55,14.96,1.41,11.97,2.42,2.15,79.33,1.33,591.74,1251.50,2156.11,1.63,2.93,2.36
,"Makati, Philippines",3.42,24.86,3.11,1.04,3.11,0.67,1.74,1.53,7.94,0.81,10.36,0.90,1.82,10.36,0.79,726.92,2724.70,662.89,1.51,2.77,0.96
,"Cyberjaya, Selangor, Malaysia",2.40,8.39,3.36,2.52,3.59,0.65,1.53,1.46,18.16,0.76,15.58,2.52,2.88,14.38,0.49,353.49,1354.31,1126.39,0.72,2.15,1.28
,"Adelaide, Australia",13.73,61.03,7.63,5.34,6.10,2.15,1.00,3.59,7.49,1.69,11.44,3.43,4.07,91.40,0.90,1000.69,3982.41,2904.13,2.08,3.12,2.15
,"Yerevan, Armenia",6.31,21.05,4.21,1.05,1.68,0.57,0.92,1.56,4.83,0.48,4.21,0.83,1.22,12.63,0.87,334.99,1286.14,325.40,0.46,1.72,1.14
,"Manila, Philippines",3.11,19.68,2.49,0.97,2.07,0.56,1.53,1.51,5.23,0.71,6.21,0.95,1.75,10.36,0.79,487.30,1639.95,513.49,1.40,2.32,0.99
,"Fairfax, VA, United States",14.50,57.13,7.00,4.00,5.00,2.10,0.94,3.00,10.50,2.00,9.50,2.10,2.80,96.50,0.67,1595.00,2798.62,3832.03,4.30,3.54,2.75
,"Brisbane, Australia",12.97,61.03,7.63,5.34,6.10,2.46,1.04,3.37,6.54,1.84,11.44,4.58,4.71,114.44,0.96,1399.07,5280.32,3124.79,2.23,3.27,2.04
,"Cuenca, Ecuador",3.25,20.00,6.00,1.20,3.00,0.90,1.05,1.88,4.20,1.00,12.00,1.08,2.60,15.00,1.38,332.08,1140.00,452.57,1.25,2.00,1.18
,"Alessandria, Italy",21.77,46.25,9.25,4.63,4.90,2.90,0.79,2.99,20.95,0.73,3.81,2.01,2.50,45.71,1.61,217.65,5441.29,2158.38,1.96,1.69,2.32
,"Cairns, Australia",11.44,68.66,7.63,4.27,5.34,2.37,0.99,3.71,10.64,2.10,9.54,4.01,5.72,97.88,1.03,701.25,2670.20,1860.37,1.75,3.44,2.29
,"Canberra, Australia",15.00,49.59,7.12,3.81,3.81,2.25,1.16,3.32,6.57,1.64,13.73,3.39,3.62,76.29,0.94,1415.81,4676.24,3628.52,2.16,3.08,1.94
,"Manama, Bahrain",5.30,37.13,5.70,7.69,7.96,0.46,1.41,2.30,6.34,0.61,19.89,1.95,6.06,26.52,0.38,934.58,1679.72,1875.73,1.13,4.69,1.66
,"Darwin, Australia",13.73,53.40,7.63,5.34,6.29,2.29,0.91,4.08,6.10,4.20,11.44,3.74,6.48,30.52,0.99,1449.54,2288.74,2741.72,2.41,3.72,2.92
,"Guayaquil, Ecuador",4.00,30.00,6.00,1.25,3.00,0.84,1.13,2.03,5.65,1.02,13.50,1.04,3.00,10.00,0.58,350.00,1213.10,502.89,1.38,2.44,1.40
,"Gold Coast, Australia",11.44,49.59,7.06,3.81,6.10,2.12,1.03,2.91,7.48,1.76,12.21,4.05,5.72,83.92,0.99,1156.24,4037.09,2684.07,2.01,3.35,2.46
,"Quezon City, Philippines",2.28,16.05,2.07,0.83,1.76,0.59,1.46,1.39,1.45,0.59,5.70,0.78,1.55,13.46,0.80,247.55,1355.01,366.66,1.10,2.11,0.88
,"Hobart, Australia",13.29,75.96,6.46,4.94,5.32,2.00,0.94,3.48,7.12,1.77,11.39,3.04,2.95,56.97,0.97,940.33,3652.95,2482.79,2.12,3.21,1.88
,"Melbourne, Australia",12.21,61.03,7.63,6.10,6.10,2.45,0.97,3.77,7.27,1.80,11.44,3.95,3.95,105.28,0.95,1282.68,5780.87,3375.51,2.09,2.96,2.00
,"Perth, Australia",16.78,76.29,7.63,6.87,6.87,2.45,1.12,3.78,8.19,2.26,11.44,4.73,5.31,99.18,0.93,1336.14,4529.20,3316.73,2.26,3.43,2.27
,"Bari, Italy",11.97,43.53,6.53,2.72,3.26,1.49,1.29,2.34,10.88,0.47,5.44,0.98,1.71,38.09,1.55,398.30,3536.84,1034.30,0.81,1.28,2.14
,"Bergamo, Italy",16.32,70.74,9.79,5.44,4.90,2.54,1.29,2.81,13.06,0.66,5.71,1.23,1.81,38.09,1.68,562.27,3935.87,1509.62,1.63,1.55,1.96
,"Sydney, Australia",11.44,61.03,7.63,5.34,6.10,2.42,1.26,3.67,7.88,2.01,15.26,4.04,4.30,122.07,0.98,1915.22,9550.30,3464.76,2.10,2.87,2.18
,"Bologna, Italy",15.27,54.53,7.63,5.45,4.36,2.20,1.38,2.64,13.57,0.37,5.45,1.67,1.48,39.26,1.52,654.34,4095.70,1682.60,1.46,1.63,2.40
,"Brescia, Italy",13.06,43.53,7.62,4.90,3.81,2.65,1.16,2.07,10.07,0.33,5.44,1.12,1.15,38.09,1.59,515.11,2966.32,1466.06,1.09,1.55,1.55
,"Alexandria, Egypt",3.66,13.52,4.51,1.30,1.97,0.37,1.01,1.19,4.06,0.35,9.01,0.79,-,15.77,0.29,272.04,853.75,243.56,0.48,1.37,0.70
,"Quito, Ecuador",3.50,32.09,6.25,1.10,3.00,0.89,1.10,2.15,5.21,1.14,15.00,1.28,3.06,10.00,0.49,485.42,1539.29,437.21,1.14,2.35,1.92
,"Cagliari, Italy",16.33,54.45,8.17,4.36,3.54,2.13,1.27,2.46,15.25,0.24,5.44,1.15,1.64,32.67,1.60,589.40,3375.80,1006.39,1.44,1.37,2.13
,"Catania, Italy",10.55,46.25,7.62,3.26,3.26,1.78,1.09,2.18,9.52,0.38,5.44,1.90,2.72,43.53,1.66,394.49,2460.55,738.93,1.63,1.72,2.18
,"Wollongong, Australia",11.82,49.55,6.86,4.19,5.34,2.10,1.20,3.20,5.34,1.78,16.01,3.46,4.70,68.60,0.91,761.89,4987.06,2420.98,2.86,3.34,1.91
,"Ferrara, Italy",21.77,81.62,16.32,5.99,5.71,3.17,2.04,3.26,20.13,1.34,16.32,3.45,2.45,81.62,1.89,544.13,7980.56,2077.81,3.26,2.50,3.26
,"Florence, Italy",16.32,65.30,8.16,5.44,4.35,2.49,1.82,3.01,18.14,0.88,13.06,1.09,2.61,38.09,1.63,715.80,4774.73,1355.61,0.83,1.66,2.90
,"Genoa, Italy",16.32,54.41,8.11,4.35,2.72,2.18,1.44,2.87,17.68,0.51,5.44,1.57,1.74,50.06,1.61,564.68,3155.95,1424.34,1.31,1.39,2.43
,"Livorno, Italy",21.77,81.62,16.32,5.99,5.99,2.90,2.00,3.26,20.13,1.04,11.43,2.72,2.99,54.41,1.64,725.51,2394.17,1824.65,3.26,2.18,2.58
,"Paphos, Cyprus",13.06,50.60,7.07,2.72,3.81,1.58,1.50,2.32,9.79,0.87,5.44,1.14,1.41,59.85,1.35,304.71,1414.74,1047.45,0.83,2.85,1.50
,"Milan, Italy",16.33,65.34,8.49,5.44,4.36,2.51,1.38,2.82,16.30,0.44,6.53,1.49,1.92,38.11,1.57,999.95,9446.80,1865.02,1.50,1.57,2.63
,"Cairo, Egypt",5.35,22.54,4.96,1.63,2.25,0.39,1.03,1.33,3.46,0.38,9.02,1.45,2.19,6.76,0.30,267.89,835.40,313.87,0.49,2.07,0.81
,"Modena, Italy",16.32,44.62,9.09,5.17,3.81,2.90,1.39,2.65,17.63,0.75,7.62,2.14,2.83,45.16,1.60,544.13,3373.60,1361.34,2.13,1.69,2.26
,"Florianopolis, Brazil",6.40,31.98,7.68,1.60,3.20,1.13,0.96,1.93,7.56,0.95,8.00,1.58,2.76,55.17,1.12,395.06,1908.19,580.98,1.28,1.68,1.02
,"Monza, Italy",16.32,54.41,8.71,5.44,3.81,2.39,1.29,3.05,14.69,0.54,6.53,1.71,1.63,38.09,1.58,761.78,4244.21,1940.73,1.09,1.55,2.50
,"Naples, Italy",10.88,46.25,8.16,4.35,3.26,1.27,1.51,2.72,10.66,0.41,7.07,1.28,1.77,43.53,1.63,567.25,4625.10,830.92,1.31,1.43,1.55
,"Baku, Azerbaijan",4.88,27.43,4.27,0.85,1.83,0.33,0.79,1.23,2.97,0.40,4.27,0.79,1.73,7.31,0.44,319.97,1509.34,273.81,0.46,2.48,1.12
,"Padova, Italy",16.32,48.97,8.71,4.90,3.81,2.58,1.32,3.37,13.40,0.54,5.44,2.09,1.47,42.44,1.71,652.95,3627.53,1354.28,1.62,1.53,2.44
,"Portland, ME, United States",19.00,65.00,7.00,4.00,5.50,2.21,0.87,3.17,9.51,2.00,12.00,1.00,0.85,45.00,0.58,1080.00,1565.97,2200.00,6.61,3.24,4.68
,"Palermo, Italy",10.88,43.53,7.94,3.26,3.81,2.15,1.16,2.61,13.88,0.63,4.35,1.71,1.80,33.74,1.63,414.90,3324.63,1033.84,0.54,1.54,2.31
,"Parma, Italy",16.32,65.30,8.43,4.63,4.35,2.49,1.39,2.47,12.19,0.41,8.71,1.36,1.09,48.16,1.52,580.40,3875.29,1598.95,1.60,1.63,1.74
,"Perugia, Italy",27.21,81.62,16.32,5.99,5.99,3.19,1.70,3.17,19.92,1.28,16.32,3.26,3.26,70.74,1.69,471.58,6710.92,1790.75,3.10,2.02,2.72
,"Albany, NY, United States",12.50,57.50,7.00,3.00,5.00,1.84,0.83,2.75,13.57,1.51,13.50,2.33,3.67,65.00,0.57,945.91,1357.76,3510.00,5.11,4.03,5.51
,"Reggio Nell'emilia, Italy",27.21,97.94,8.71,5.44,5.99,2.90,2.05,3.26,18.14,1.43,16.32,2.99,3.26,40.81,1.69,544.13,4625.10,2210.20,2.90,1.60,3.45
,"Mangalore, India",0.90,7.48,3.36,1.23,2.62,0.27,0.52,0.73,5.98,0.39,3.14,1.50,1.74,3.74,1.01,134.58,730.01,600.78,0.30,1.14,0.58
,"Rome, Italy",16.36,54.53,8.72,4.63,3.82,1.88,1.53,3.22,14.95,0.70,5.45,1.41,1.67,38.17,1.55,1026.96,10561.84,1697.08,1.21,1.25,2.65
,"Dayton, OH, United States",10.00,40.00,6.50,3.00,5.00,1.52,0.76,2.53,7.44,1.93,13.50,1.42,1.88,55.00,0.57,669.80,705.04,2066.09,4.48,3.50,5.11
,"Newcastle, Australia",12.96,60.98,6.51,4.57,5.34,2.46,1.14,3.24,6.10,2.82,11.43,5.08,4.95,30.49,1.01,1254.20,8581.95,3424.79,2.24,3.28,2.21
,"Trento, Italy",13.06,54.41,7.62,4.35,3.81,2.07,1.29,2.68,12.15,0.49,5.44,1.15,1.04,32.65,1.57,640.26,4597.89,1820.36,1.47,1.62,2.72
,"Trieste, Italy",16.36,54.53,8.18,5.45,4.63,2.73,1.63,2.92,12.87,0.34,5.18,1.09,1.24,37.82,1.63,502.87,2492.74,1569.26,2.18,1.81,2.73
,"Nasik, India",2.24,7.48,3.74,1.50,2.24,0.49,0.69,0.81,4.93,0.39,7.48,1.32,2.09,4.11,1.03,137.57,804.79,429.92,0.45,0.98,0.52
,"Turin, Italy",13.06,54.41,8.16,4.35,4.35,2.05,1.31,2.78,13.65,0.45,5.44,1.46,1.63,41.35,1.55,553.59,4069.27,1520.05,1.39,1.52,2.06
,"Venice, Italy",27.22,98.01,16.33,5.99,5.99,3.27,1.81,3.36,17.51,1.25,3.81,2.18,2.45,40.29,1.85,819.05,9120.11,1603.51,2.78,2.72,2.99
,"Verona, Italy",16.32,59.85,6.80,4.90,3.81,2.99,1.35,3.04,15.05,0.57,6.53,1.14,1.45,40.27,1.60,788.99,3536.84,911.42,1.41,1.72,3.26
,"Vicenza, Italy",19.63,54.53,8.45,5.45,5.45,2.76,1.57,3.14,12.45,1.03,12.00,2.11,2.54,54.53,1.63,461.68,3553.45,1533.28,2.18,2.26,2.51
,"Syracuse, NY, United States",12.00,40.00,7.00,3.00,4.00,1.53,0.70,1.88,8.16,1.90,12.00,1.72,1.75,91.50,0.58,719.44,900.94,1990.00,1.85,3.55,2.10
,"Greenville, SC, United States",12.25,47.50,6.75,3.00,4.50,1.85,0.92,2.94,7.86,1.93,10.00,1.83,1.53,27.00,0.50,1087.50,1182.15,3091.00,2.59,3.53,4.18
,"Beersheba, Israel",11.66,51.82,11.66,7.00,7.25,2.41,1.55,3.06,11.00,0.52,7.75,2.07,2.33,51.82,1.62,479.29,2849.85,1666.73,1.04,3.37,2.33
,"Gainesville, FL, United States",10.00,47.50,6.50,3.00,4.00,1.66,0.94,3.23,11.02,1.00,10.00,1.40,2.00,60.00,0.55,711.40,1234.26,1900.21,3.62,3.20,3.19
,"Fort Myers, FL, United States",12.00,50.00,6.77,3.00,4.00,1.74,0.93,2.48,8.82,1.32,10.00,1.48,2.17,35.00,0.55,868.75,1704.29,1828.57,2.65,3.24,4.66
,"Santa Cruz, CA, United States",12.00,50.00,6.00,4.50,5.50,1.94,0.97,3.60,10.80,2.37,10.00,1.60,2.00,65.00,0.74,1685.00,5597.23,3933.33,8.27,3.91,3.86
,"Singapore, Singapore",8.62,43.10,5.39,5.75,7.18,1.22,2.11,2.00,15.91,1.20,21.55,4.05,5.04,71.83,1.49,2137.20,16955.53,2943.11,1.83,3.90,2.06
,"Berkeley, CA, United States",12.00,70.00,7.00,4.00,5.50,2.33,1.08,4.00,13.96,2.25,15.00,2.17,2.50,62.50,0.73,2027.27,5381.96,3340.44,2.54,3.78,3.86
,"Springfield, MO, United States",10.00,35.00,6.50,3.00,4.00,1.42,0.92,2.66,9.09,1.60,9.44,1.25,2.12,36.50,0.51,500.50,2690.98,1668.92,1.46,3.82,3.48
,"Busan, South Korea",6.00,48.42,5.28,2.42,4.20,1.56,2.37,2.66,29.62,1.29,14.53,1.90,3.17,48.42,1.37,528.20,4872.81,2154.94,2.63,4.23,4.82
,"San Salvador, El Salvador",3.50,30.00,6.00,1.42,3.00,0.64,1.42,1.74,6.86,1.05,9.00,1.14,2.28,23.50,0.71,285.00,1038.20,356.75,1.46,2.44,1.29
,"Dhaka, Bangladesh",2.55,12.74,6.05,-,-,0.34,0.86,1.30,5.31,0.38,-,-,-,12.74,1.22,150.18,1249.45,348.90,0.32,2.09,0.67
,"Riga, Latvia",6.53,43.56,5.44,2.18,2.18,1.08,0.86,1.50,6.22,0.74,6.42,1.16,1.38,54.45,1.16,390.52,1736.62,681.67,0.55,2.37,1.40
,"Tehran, Iran",5.00,20.00,5.00,-,-,0.45,0.80,1.48,4.99,0.42,-,-,-,18.00,0.31,590.44,1968.52,538.52,0.59,2.62,2.85
,"Nis, Serbia",5.04,15.91,3.53,1.07,1.33,0.88,0.74,1.15,3.31,0.39,3.53,0.48,0.77,17.50,1.19,161.07,980.85,279.11,0.40,1.00,0.95
,"Liverpool, United Kingdom",12.22,48.89,6.11,3.67,3.67,1.30,1.10,2.31,4.18,1.19,6.72,1.56,1.89,61.11,1.32,669.97,3360.93,1794.35,1.77,2.72,1.54
,"Nanaimo, BC, Canada",11.21,37.74,7.10,4.48,5.23,1.56,1.94,2.84,11.77,1.87,11.21,3.24,2.24,41.10,0.84,605.81,1608.67,1873.11,3.02,2.99,4.11
,"Vancouver, WA, United States",11.00,50.00,7.00,4.25,4.00,1.56,0.89,2.37,10.14,1.82,10.50,1.12,2.39,92.50,0.64,1050.00,2248.22,2644.06,1.76,3.84,5.14
,"Seoul, South Korea",6.11,34.91,5.24,2.62,4.36,1.28,2.29,2.93,19.87,1.00,17.46,2.02,2.92,50.18,1.27,963.48,12025.25,2100.68,3.16,4.04,3.79
,"Al Khobar, Saudi Arabia",5.33,19.33,5.33,-,-,0.42,1.14,1.73,6.06,0.53,-,-,-,53.33,0.20,456.24,799.90,3539.82,1.12,2.87,1.53
,"Plymouth, United Kingdom",13.44,48.89,6.11,4.40,3.67,1.54,1.03,2.54,4.89,1.08,9.15,0.84,1.21,67.22,1.33,645.71,2528.24,2155.30,3.01,3.21,0.95
,"Phnom Penh, Cambodia",2.75,16.00,4.67,1.00,2.50,0.65,2.60,1.55,13.00,0.76,10.00,1.28,1.90,19.85,0.88,516.19,1527.55,293.75,1.92,2.32,0.97
,"Bali, Indonesia",1.53,22.24,4.60,1.65,2.49,0.58,1.77,1.40,6.52,0.43,23.01,1.44,2.48,29.53,0.63,214.77,1457.34,239.43,1.28,2.00,0.81
,"Colombo, Sri Lanka",1.69,13.51,5.07,1.49,2.87,0.43,1.28,1.40,10.17,0.51,11.15,1.77,2.17,6.59,0.83,287.14,1366.20,249.50,0.88,2.36,0.55
,"Red Deer, Canada",11.24,56.18,7.49,4.71,5.24,1.61,1.91,2.52,8.24,2.10,12.73,1.50,3.12,50.19,0.77,724.39,1220.85,2048.81,2.57,3.49,3.61
,"Kaunas, Lithuania",6.53,27.37,5.44,2.18,2.72,1.28,0.86,1.49,6.73,0.74,5.87,1.09,1.09,26.48,1.11,333.28,1960.12,588.20,0.43,1.95,1.16
,"Baghdad, Iraq",8.59,30.00,7.11,2.00,5.08,0.43,1.09,1.62,5.91,0.82,10.00,1.60,1.35,17.18,0.49,429.67,1910.00,837.50,0.84,1.53,1.74
,"Addis Ababa, Ethiopia",3.00,20.00,5.00,1.00,2.00,0.66,1.00,1.99,6.75,0.84,2.00,0.94,1.59,10.00,0.90,249.70,1020.62,217.72,0.57,0.86,1.30
,"Huntsville, AL, United States",15.00,40.00,7.00,2.50,4.00,1.48,0.77,2.80,7.45,2.17,14.00,2.00,2.50,43.00,0.51,761.00,1326.11,2561.42,2.05,3.33,4.25
,"Beijing, China",4.43,26.58,4.95,0.74,3.69,0.55,1.71,2.23,9.68,0.59,14.77,0.92,2.87,28.80,0.91,1051.12,11136.59,1237.17,0.87,4.43,1.11
,"Cape Town, South Africa",7.19,32.36,3.60,1.80,2.16,0.81,0.92,1.70,6.61,0.97,4.32,1.41,2.21,23.73,0.90,613.41,1872.37,1247.88,1.30,1.57,1.22
,"Durban, South Africa",7.19,28.74,3.59,1.44,1.80,0.73,0.90,1.61,4.97,1.01,3.59,1.21,1.51,28.74,0.89,308.98,598.20,1144.90,1.25,1.37,1.14
,"Vilnius, Lithuania",6.59,32.97,5.49,2.20,2.20,1.06,0.91,1.73,7.31,0.73,6.59,0.94,1.17,31.87,1.16,460.51,2561.67,710.77,0.55,2.05,1.84
,"Irbil, Iraq",9.03,37.58,9.00,1.50,1.79,0.49,1.39,1.75,8.43,0.57,10.00,1.47,1.72,125.00,0.59,590.01,1335.22,628.04,0.90,4.42,1.84
,"Johannesburg, South Africa",7.19,32.36,3.60,1.80,2.16,0.79,1.01,1.79,6.10,1.02,4.32,1.31,1.90,36.68,0.91,469.14,940.24,1413.35,1.17,1.58,1.29
,"Chengdu, China",2.21,17.71,3.76,0.89,1.77,0.44,1.48,1.33,4.43,0.64,9.59,0.74,1.70,14.76,0.87,302.60,2681.55,809.88,0.84,3.90,0.82
,"Port Elizabeth, South Africa",6.49,28.86,3.61,1.80,1.95,0.78,0.98,1.65,5.80,1.03,4.33,1.21,1.62,28.86,0.92,280.54,937.82,784.61,1.15,1.49,1.37
,"Pretoria, South Africa",7.19,28.77,3.96,1.80,2.52,0.79,0.99,1.65,6.35,1.10,4.67,1.33,2.21,44.41,0.91,308.54,552.90,1385.17,1.38,1.62,1.53
,"Guangzhou, China",2.95,14.76,4.28,0.89,2.21,0.47,1.48,1.58,10.33,0.65,18.45,0.91,2.14,35.06,0.97,668.14,6531.67,965.06,1.11,3.39,1.42
,"Luxembourg, Luxembourg",18.53,76.32,9.27,5.18,4.36,2.18,1.26,3.72,9.70,1.01,6.54,1.34,1.63,27.26,1.15,1435.45,8188.73,3552.75,2.33,3.29,1.64
,"Haifa, Israel",12.98,61.00,11.68,7.79,6.88,2.06,1.51,3.13,11.02,0.95,9.08,2.16,2.97,62.29,1.54,612.13,4585.60,1948.16,0.87,2.78,1.99
,"Ann Arbor, MI, United States",11.00,42.50,6.25,4.00,5.00,1.64,0.73,2.30,10.63,1.40,12.00,2.50,3.50,58.00,0.57,1315.00,2423.09,3388.25,1.65,3.54,3.08
,"Ramat Gan, Israel",14.92,58.40,11.68,7.27,6.36,2.30,1.47,3.18,9.47,1.27,12.98,2.20,3.27,57.88,1.59,830.60,5359.96,1912.11,1.15,2.88,2.09
,"Kaohsiung, Taiwan",2.53,15.80,3.79,1.58,2.05,0.92,2.60,1.80,12.43,0.88,11.22,1.36,1.71,28.44,0.82,297.06,3581.58,1338.84,1.05,2.25,1.98
,"Tel Aviv-yafo, Israel",15.57,57.10,12.72,7.27,6.49,2.28,1.51,3.21,11.77,1.05,10.38,2.21,3.06,62.29,1.54,1129.30,10002.23,2118.49,1.13,3.14,2.14
,"Taipei, Taiwan",3.79,25.28,3.79,1.42,1.90,0.90,2.70,2.05,21.62,1.14,12.64,1.49,1.84,31.60,0.81,550.73,9970.48,2151.84,2.37,2.65,2.75
,"Guildford, United Kingdom",15.21,54.76,6.08,4.26,4.75,1.75,1.12,2.19,7.10,0.64,6.08,2.43,1.22,91.26,1.33,1318.20,6415.08,2251.07,1.57,3.22,1.28
,"Skopje, Macedonia",4.39,17.69,3.54,1.77,2.12,1.31,0.89,1.45,4.99,0.40,4.42,0.78,1.04,23.89,1.11,244.76,1297.85,361.21,0.51,1.35,1.41
,"Shanghai, China",4.80,29.52,4.43,2.21,4.21,0.52,2.57,2.08,23.43,0.61,11.81,0.98,2.82,29.52,0.92,995.79,12325.30,1418.65,1.12,4.14,0.88
,"Brooklyn, NY, United States",19.00,80.00,8.00,6.00,7.00,1.75,1.00,3.33,10.80,2.00,15.00,2.30,2.55,116.50,0.68,2505.56,11835.53,3194.44,1.83,3.96,4.35
,"Bangkok, Thailand",1.71,22.79,4.47,1.71,3.56,0.49,1.39,1.72,17.81,0.50,20.66,1.73,3.00,35.61,0.77,583.18,4185.40,736.30,1.79,2.06,1.36
,"Chiang Mai, Thailand",1.43,14.28,4.28,1.57,3.28,0.54,1.26,1.48,23.07,0.41,12.85,1.44,2.63,28.56,0.72,315.51,1497.85,368.12,1.16,1.69,1.07
,"Melbourne, FL, United States",16.50,45.00,6.50,2.75,4.38,1.78,1.13,3.25,8.45,2.50,10.00,2.00,2.50,42.00,0.52,840.00,1300.28,2383.33,8.53,3.58,1.98
,"Shenzhen, China",4.43,23.61,4.43,0.81,2.21,0.48,2.39,2.50,17.45,0.44,8.12,0.81,1.79,36.90,1.02,873.55,15220.41,1398.48,1.03,4.37,1.49
,"Accra, Ghana",5.50,40.00,6.50,1.67,2.50,1.03,2.26,2.48,17.50,0.63,11.84,2.17,1.51,200.00,0.92,1370.00,3333.33,309.36,3.20,2.47,3.22
,"Pensacola, FL, United States",12.00,40.00,7.00,3.00,4.25,1.56,1.20,3.00,9.92,1.53,10.50,1.60,2.50,40.00,0.55,792.50,983.10,2406.47,1.69,3.69,3.31
,"Amman, Jordan",7.06,42.36,7.06,5.65,7.06,0.48,1.64,2.14,7.73,0.59,21.18,4.97,6.28,42.36,0.87,412.00,1312.50,665.30,1.08,4.34,1.38
,"Kalamazoo, MI, United States",10.00,31.50,5.12,3.00,4.00,1.46,0.65,2.16,11.02,1.16,10.00,1.58,3.58,60.00,0.60,1050.00,891.01,2533.00,1.99,3.90,3.06
,"Phuket, Thailand",1.71,19.96,6.42,1.78,2.99,0.68,1.52,1.43,20.25,0.46,11.41,1.49,2.25,51.33,0.79,388.54,1568.42,570.34,1.43,2.37,0.90
,"Portsmouth, United Kingdom",12.83,46.44,6.72,4.09,4.28,1.59,1.09,2.04,5.33,0.98,8.56,2.65,2.44,62.33,1.29,805.27,2383.21,1873.98,1.83,2.90,1.53
,"Dar Es Salaam, Tanzania",4.32,33.33,8.70,1.18,1.60,0.75,1.46,2.93,11.71,0.75,9.00,1.19,2.21,41.55,0.97,683.31,1200.00,644.27,1.15,1.89,1.23
,"Valenzuela, Philippines",2.38,8.29,1.92,0.83,1.24,0.30,1.52,1.25,6.52,0.63,3.94,0.91,1.38,3.63,0.87,80.58,830.05,259.58,1.14,1.58,0.82
,"Kazan, Russia",6.63,25.39,4.79,0.94,1.69,0.64,0.67,0.98,5.44,0.45,5.60,0.79,1.36,11.09,0.53,334.67,1181.86,399.38,0.32,1.48,0.90
,"Santa Barbara, CA, United States",15.00,60.00,8.00,6.00,6.50,1.84,1.14,3.93,12.93,2.03,15.00,1.67,2.08,52.00,0.77,1854.55,8980.68,3435.95,2.20,4.31,4.32
,"Queretaro, Mexico",4.31,20.05,4.58,1.35,2.70,0.73,0.82,1.38,4.64,0.69,8.09,0.90,1.40,21.57,0.76,250.34,844.73,682.97,1.13,1.98,0.92
,"Fredericton, Canada",11.25,54.35,7.50,3.94,4.87,1.56,1.67,2.24,15.99,2.81,12.00,2.44,3.00,58.10,0.75,553.95,2133.27,1674.33,1.20,2.98,2.25
,"Everett, WA, United States",12.50,50.00,7.00,4.00,5.00,1.70,0.82,2.81,14.22,1.46,17.00,2.50,5.00,36.00,0.61,1111.00,2131.97,2463.00,2.48,4.24,3.37
,"Guatemala City, Guatemala",4.98,26.56,5.64,1.46,1.99,0.87,1.51,1.76,3.67,0.99,8.30,1.12,1.86,16.60,0.73,412.75,1272.62,594.20,1.29,2.24,0.89
,"Sliema, Malta",16.36,59.98,7.63,2.73,3.27,1.76,0.95,2.02,8.35,0.76,7.63,1.21,1.23,28.35,1.46,778.98,2499.23,1467.32,1.05,1.91,1.63
,"Bhubaneswar, India",1.50,5.98,3.74,1.50,1.64,0.21,0.55,0.86,3.14,0.37,10.47,1.50,1.80,4.86,0.99,102.64,815.14,365.53,0.26,1.03,0.61
,"Chisinau, Moldova",3.50,12.50,3.50,0.82,1.50,0.61,0.55,1.15,4.50,0.57,2.50,0.68,1.02,8.75,0.88,245.33,905.18,223.10,0.35,1.18,0.92
,"Allentown, PA, United States",13.50,52.50,6.00,4.00,5.00,1.83,1.09,2.27,9.07,1.85,16.50,2.00,2.83,47.50,0.61,883.80,1402.89,1882.09,3.65,4.00,4.45
,"Lethbridge, AB, Canada",10.27,37.36,6.73,3.74,4.30,1.62,0.92,2.37,15.35,1.49,13.08,2.24,2.99,57.54,0.77,640.14,1608.67,2327.98,1.49,2.84,2.62
,"As-salimiyah, Kuwait",4.97,49.48,6.43,-,-,0.40,1.51,1.76,8.25,0.49,-,-,-,21.44,0.22,961.24,10224.95,2137.76,1.07,4.12,1.33
,"Hanoi, Vietnam",1.79,19.99,5.37,0.99,1.68,0.49,1.47,1.38,4.81,0.57,11.20,0.70,1.25,8.96,0.69,446.55,2855.04,271.20,0.97,1.66,0.76
,"Ho Chi Minh City, Vietnam",1.68,17.91,4.03,0.81,1.12,0.43,1.41,1.27,12.46,0.54,11.19,0.71,1.46,5.37,0.76,507.86,2037.40,376.44,0.87,1.72,0.84
,"Kuwait City, Kuwait",4.95,46.23,6.11,-,-,0.47,1.31,1.76,6.41,0.52,-,-,-,49.53,0.23,1098.76,6604.54,2325.35,1.05,4.67,1.88
,"Salmiya, Kuwait",5.77,44.53,6.10,-,-,0.50,1.47,1.81,6.49,0.56,-,-,-,49.48,0.23,964.77,2803.62,2638.70,1.15,4.78,1.81
,"New Haven, CT, United States",21.00,75.00,8.00,6.00,7.00,1.56,1.13,3.58,12.68,1.62,15.00,1.75,2.88,50.00,0.62,1393.75,1941.81,3800.00,3.86,4.58,4.62
,"Tunis, Tunisia",2.21,22.11,3.10,1.77,1.55,0.47,0.52,0.88,7.77,0.27,3.98,1.18,0.76,13.27,0.72,206.91,922.42,289.48,0.43,0.71,0.72
,"Queens, NY, United States",11.00,60.00,7.00,5.00,5.00,1.42,0.97,2.75,13.44,1.32,10.50,1.38,1.62,116.50,0.61,1700.00,5823.87,3573.20,3.70,3.00,1.77
,"Amsterdam, Netherlands",16.33,65.34,8.17,4.90,4.36,2.53,1.04,2.62,9.35,1.16,6.53,1.22,1.66,95.28,1.65,1446.54,5912.10,2406.80,1.85,3.00,1.95
,"Eindhoven, Netherlands",16.32,59.85,7.62,4.35,3.65,2.42,0.95,2.38,7.40,1.03,5.44,0.94,1.37,54.41,1.58,947.69,2910.00,2373.76,0.91,2.67,1.96
,"Groningen, Netherlands",15.93,54.94,7.69,4.40,3.57,2.57,0.94,2.47,9.32,0.88,5.49,0.92,1.72,71.42,1.66,622.68,3296.52,2014.54,0.82,2.71,2.02
,"Haarlem, Netherlands",16.35,65.41,7.63,5.45,3.82,2.41,1.09,2.82,9.12,1.73,6.53,1.20,1.74,130.83,1.69,963.02,4142.82,2125.92,1.91,2.89,2.34
,"Leiden, Netherlands",16.32,62.57,8.71,4.35,2.72,1.90,1.04,2.17,10.09,0.80,4.90,1.11,1.49,108.83,1.68,825.72,3276.74,2176.52,1.18,2.56,1.53
,"Maastricht, Netherlands",10.88,65.30,8.71,4.73,3.81,2.32,0.88,2.04,15.96,1.09,5.99,1.31,1.80,81.62,1.72,931.82,3264.77,2128.85,2.18,2.91,1.27
,"Rotterdam, Netherlands",16.33,65.34,7.62,4.36,4.36,2.49,1.02,2.06,9.38,0.94,6.53,0.97,1.20,69.69,1.61,856.20,2844.93,2148.24,1.45,2.82,1.66
,"Utrecht, Netherlands",16.32,65.30,8.16,4.35,3.81,2.49,0.91,2.47,10.61,0.90,5.99,1.29,1.49,66.38,1.63,1020.24,3852.43,2328.87,1.27,2.76,1.61
,"Beirut, Lebanon",10.00,50.00,8.00,1.33,4.00,0.57,2.01,3.20,7.04,0.73,10.00,1.18,2.03,45.00,0.75,1299.77,4526.72,1142.61,0.90,3.38,2.14
,"Kampala, Uganda",2.03,23.21,5.80,1.16,1.45,0.38,0.66,1.11,3.58,0.51,7.69,0.88,1.25,39.17,1.05,205.52,1580.92,188.60,0.73,2.06,1.25
,"Bergen, Norway",18.16,84.76,10.90,9.57,9.08,3.39,1.79,3.70,11.93,2.04,13.93,3.54,3.93,90.51,1.69,1144.83,5258.24,3257.27,1.77,4.38,2.74
,"Lexington, KY, United States",12.00,45.00,7.00,3.98,5.00,1.73,0.80,2.71,11.02,2.33,14.50,3.48,2.50,31.80,0.55,900.00,1283.06,2414.14,2.15,3.76,4.55
,"Oslo, Norway",21.75,96.67,12.08,9.67,9.67,3.47,2.03,3.82,10.74,2.56,18.12,3.39,4.48,83.37,1.68,1356.34,7615.30,3197.79,2.20,4.56,3.14
,"Trondheim, Norway",19.37,96.87,12.11,9.69,8.48,4.13,1.96,3.85,10.75,2.71,14.83,3.74,4.21,87.18,1.70,1172.04,5875.67,3119.71,1.85,4.61,2.50
,"Bydgoszcz, Poland",5.04,31.48,4.03,2.01,2.01,1.12,0.60,1.76,5.39,0.46,5.29,0.66,0.99,22.16,1.14,360.96,1385.07,686.94,0.43,1.83,0.62
,"Tallahassee, FL, United States",10.00,45.00,5.00,3.50,5.00,1.82,1.01,2.82,13.23,1.50,10.00,1.50,3.00,38.00,0.55,694.00,1044.10,2014.75,4.41,3.70,5.55
,"Krakow (Cracow), Poland",4.53,25.19,4.53,1.76,1.76,0.94,0.65,1.56,5.09,0.47,5.92,0.77,1.08,22.67,1.09,448.20,2272.60,806.77,0.45,1.78,0.84
,"Fort Lauderdale, FL, United States",15.00,50.00,7.50,4.00,5.43,1.94,0.96,2.76,11.89,1.58,12.00,2.00,2.75,65.00,0.58,1675.27,3567.47,2852.75,2.17,3.78,3.35
,"Gdansk, Poland",5.04,25.18,4.28,1.76,2.01,1.09,0.59,1.49,5.23,0.44,5.04,0.69,1.12,22.66,1.08,424.70,2006.98,777.25,0.44,1.90,0.85
,"Nashville, TN, United States",13.00,60.00,6.12,4.00,5.00,1.69,0.82,2.43,11.77,2.33,14.00,1.62,1.83,82.00,0.54,1383.33,2158.16,3352.25,2.36,4.23,4.21
,"Gdynia, Poland",5.04,22.04,4.28,1.76,1.51,1.07,0.68,1.46,5.79,0.53,6.30,0.71,1.05,22.67,1.07,347.03,1854.42,717.84,0.36,2.20,0.90
,"Nairobi, Kenya",4.93,25.65,6.41,2.22,3.21,0.59,0.96,1.62,7.52,0.80,8.88,1.77,2.32,29.60,0.93,382.98,7125.78,345.64,1.02,2.41,1.31
,"Katowice, Poland",4.78,20.15,4.53,1.51,1.51,0.84,0.58,1.80,4.69,0.38,4.41,0.73,0.96,30.22,1.07,317.70,1158.43,764.94,0.33,1.47,0.78
,"Tbilisi, Georgia",6.29,18.88,5.03,0.84,1.47,0.43,1.15,1.49,3.43,0.40,3.78,0.81,1.14,12.58,0.73,297.11,838.05,285.41,0.40,1.58,0.84
,"Lublin, Poland",4.53,15.11,4.03,1.51,1.76,1.07,0.58,1.33,5.19,0.38,5.04,0.70,1.10,21.15,1.08,411.32,1448.03,623.28,0.35,1.57,0.89
,"Suzhou, China",3.69,20.66,4.43,1.48,1.77,0.42,1.98,1.90,11.07,0.69,4.43,0.59,1.87,22.13,0.95,451.46,4075.68,832.35,0.69,3.44,1.01
,"Muscat, Oman",7.79,37.66,5.97,8.05,8.44,0.48,1.65,2.56,6.06,0.57,15.58,3.64,4.16,25.97,0.41,840.34,2285.73,2128.80,1.06,4.42,1.82
,"Poznan, Poland",5.04,25.19,4.03,1.76,2.01,0.98,0.56,1.33,5.78,0.51,5.04,0.76,1.08,26.45,1.11,380.03,1673.99,677.15,0.42,1.91,0.80
,"Szczecin, Poland",5.04,22.66,4.16,1.01,1.26,0.81,0.54,1.64,5.54,0.45,5.67,0.69,1.01,25.18,1.12,296.60,1194.80,659.86,0.31,1.90,0.79
,"Warsaw, Poland",5.79,25.19,4.28,2.01,2.01,1.02,0.65,1.95,5.88,0.51,6.30,0.81,1.11,27.71,1.12,544.82,2669.31,929.41,0.49,2.19,0.89
,"Wroclaw, Poland",5.04,25.19,4.28,1.76,1.76,0.90,0.58,1.51,5.48,0.45,5.04,0.75,1.08,22.67,1.09,466.54,1783.58,797.80,0.43,1.97,0.92
,"Dusseldorf, Germany",16.35,59.96,8.72,4.36,4.36,2.35,0.84,3.29,7.22,1.16,7.09,1.34,1.91,76.32,1.39,843.40,6674.84,2406.25,2.49,3.54,3.33
,"West Palm Beach, FL, United States",15.00,50.00,7.00,4.00,6.00,1.92,1.05,2.98,11.90,1.50,12.00,1.30,1.90,60.00,0.60,1419.72,2560.61,3120.00,5.94,3.86,1.70
,"Aveiro, Portugal",6.53,27.22,5.72,1.63,3.27,1.21,0.60,1.63,7.08,0.42,3.27,1.02,3.09,49.00,1.51,379.10,1372.10,796.76,0.91,1.23,0.96
,"Islamabad, Pakistan",2.38,11.45,5.25,-,-,0.38,0.98,0.99,6.50,0.52,-,-,-,10.97,0.68,259.67,945.73,314.79,0.34,1.81,1.20
,"Braga, Portugal",5.99,27.22,5.99,1.52,1.63,1.02,0.60,1.58,7.15,0.85,3.81,0.89,1.31,33.76,1.55,336.22,982.98,777.93,0.61,0.96,0.80
,"Noida, India",2.99,13.46,2.99,1.50,2.24,0.41,0.61,0.88,3.91,0.37,8.60,1.50,2.06,10.47,1.01,176.04,1159.94,643.04,0.27,1.29,0.81
,"Coimbra, Portugal",7.08,27.22,5.99,1.42,1.91,1.11,0.60,1.70,8.71,0.36,3.27,1.01,1.07,38.11,1.45,430.14,1579.00,885.69,0.63,1.39,0.86
,"Karachi, Pakistan",1.91,9.54,5.25,-,-,0.38,0.81,0.98,7.22,0.48,-,-,-,11.45,0.70,171.39,745.34,307.66,0.31,1.70,1.07
,"Lahore, Pakistan",2.86,16.70,5.72,-,-,0.35,0.92,0.94,4.65,0.51,-,-,-,9.54,0.67,153.77,1162.72,358.18,0.50,2.49,1.25
,"Hong Kong, Hong Kong",6.45,45.13,4.51,5.16,5.16,1.02,2.79,3.15,17.04,1.51,16.83,1.44,1.86,58.02,1.90,2164.45,23399.11,2673.01,2.48,4.39,1.96
,"Lisbon, Portugal",8.51,32.72,6.00,1.64,2.18,1.32,0.64,1.76,8.35,0.63,4.36,0.98,1.83,39.26,1.53,633.28,3406.17,951.89,0.78,1.46,0.93
,"Tirana, Albania",6.40,19.99,4.00,1.04,1.60,0.72,1.02,1.20,4.38,0.46,5.60,0.75,1.13,10.90,1.34,272.52,1611.42,305.43,0.52,1.17,1.12
,"Porto, Portugal",6.54,32.72,6.27,1.64,2.18,1.26,0.62,1.79,7.45,0.46,4.36,1.01,1.36,34.90,1.50,442.81,1911.08,881.90,0.73,1.09,0.91
,"Goa, India",3.37,13.47,5.24,0.90,1.42,0.41,0.65,0.80,5.74,0.44,7.11,0.88,1.42,7.48,0.87,155.52,936.69,416.44,0.46,1.04,0.80
,"Arad, Romania",4.35,16.91,4.83,0.72,1.09,0.79,0.88,1.72,4.71,0.50,3.62,0.70,0.89,15.70,1.31,270.78,569.42,522.73,0.62,1.16,1.19
,"Brasov, Romania",4.85,21.81,4.73,1.21,1.70,1.31,0.98,1.64,5.07,0.56,4.24,0.66,1.05,16.96,1.21,238.50,998.19,501.26,0.38,1.47,0.83
,"Bucharest, Romania",6.06,26.42,4.36,1.45,1.94,1.30,1.00,1.92,5.08,0.57,4.85,0.73,1.17,14.54,1.23,369.06,1532.15,556.88,0.52,1.87,1.12
,"Ahmedabad, India",2.25,8.23,2.99,1.57,2.39,0.35,0.72,0.94,5.58,0.44,7.48,1.97,2.62,6.74,0.98,130.45,924.71,428.32,0.32,1.26,0.72
,"Cluj-napoca, Romania",4.85,20.60,4.36,1.21,1.70,1.08,0.97,1.71,5.86,0.62,4.36,0.77,1.15,14.54,1.21,327.95,1455.09,512.37,0.53,1.41,0.99
,"Craiova, Romania",3.74,14.75,3.62,1.21,1.45,1.00,0.84,1.48,3.22,0.54,3.62,0.74,1.06,14.49,1.24,189.20,1064.77,394.51,0.46,1.39,0.86
,"Graz, Austria",8.72,52.33,7.63,3.82,3.27,2.13,1.07,2.57,8.54,0.81,7.62,0.99,1.60,49.82,1.15,545.11,4360.86,2111.38,1.33,3.09,1.53
,"Lusaka, Zambia",5.74,25.31,3.54,1.22,1.91,0.68,1.45,1.44,7.95,0.66,9.07,1.22,1.66,22.71,1.00,486.04,902.66,1977.70,2.14,2.16,2.78
,"Bangalore, India",1.80,10.48,2.99,1.50,2.40,0.41,0.56,0.86,6.06,0.43,8.98,1.43,2.26,17.96,1.01,208.94,1567.01,695.70,0.42,1.40,0.75
,"Innsbruck, Austria",10.90,55.06,7.63,3.82,3.49,2.92,1.14,3.78,10.01,0.81,6.54,1.09,1.61,54.40,1.34,801.99,4724.27,1591.03,1.82,2.96,2.45
,"Bhopal, India",1.87,7.10,3.29,1.50,2.24,0.27,0.62,0.83,4.88,0.40,7.48,1.47,2.54,7.48,0.99,119.63,1027.19,343.93,0.28,0.84,0.69
,"Iasi, Romania",4.85,19.39,3.88,1.21,1.70,0.90,0.89,1.53,3.48,0.58,3.64,0.77,1.22,21.81,1.19,277.49,1338.93,427.05,0.48,1.32,1.01
,"Athens, GA, United States",12.00,50.00,6.00,2.50,4.00,1.64,0.90,2.29,5.62,1.27,11.00,1.90,2.77,35.00,0.53,681.67,957.99,2330.00,1.96,3.90,1.73
,"Chennai, India",1.50,7.48,3.74,1.80,2.99,0.42,0.63,0.84,4.74,0.41,8.61,1.70,3.37,14.97,0.95,177.32,2117.99,547.63,0.51,1.39,0.74
,"Coimbatore, India",1.50,7.48,3.29,1.79,2.77,0.44,0.65,0.81,3.05,0.40,4.49,1.79,2.34,4.49,0.95,133.34,675.83,279.96,0.57,1.53,0.74
,"Oradea, Romania",3.64,16.97,3.64,1.21,1.45,1.09,0.85,1.49,4.69,0.54,4.36,0.71,1.15,16.97,1.26,165.62,1017.94,364.03,0.48,1.27,0.87
,"Doha, Qatar",8.24,54.93,6.04,12.36,12.36,0.47,1.68,2.86,7.16,0.48,20.60,6.18,10.64,38.45,0.34,1879.52,4456.01,3154.56,1.10,4.49,1.90
,"Delhi, India",2.99,14.95,3.74,1.50,2.24,0.43,0.69,0.90,4.09,0.43,10.47,1.42,2.39,11.22,0.97,247.95,2559.13,614.89,0.35,1.56,0.86
,"Linz, Austria",13.06,63.12,7.62,4.35,4.35,3.26,1.31,3.40,10.34,0.87,9.79,1.46,1.61,47.56,1.22,691.33,3875.41,2052.45,2.45,3.30,2.95
,"Gurgaon, India",4.49,17.96,3.29,1.50,2.54,0.40,0.68,0.94,4.54,0.43,11.97,1.43,2.11,14.22,0.98,243.55,1900.20,864.95,0.33,1.65,0.82
,"Sibiu, Romania",4.83,19.45,4.83,1.21,1.57,0.97,0.89,1.57,5.50,0.63,3.99,0.69,0.97,12.08,1.19,232.19,953.17,379.23,0.55,1.37,0.91
,"Guwahati, India",1.50,7.48,3.74,1.35,1.94,0.35,0.73,0.90,5.42,0.39,5.98,1.42,1.81,4.49,0.99,91.86,438.58,277.71,0.27,1.14,0.58
,"Ad Dammam, Saudi Arabia",5.33,21.33,5.33,-,-,0.40,1.32,2.44,7.36,0.53,-,-,-,50.66,0.20,344.41,1357.73,1810.19,0.95,2.86,1.78
,"Vienna, Austria",10.90,54.51,7.63,3.82,3.82,2.52,1.09,3.53,11.15,0.58,5.45,1.02,1.38,52.33,1.16,784.10,7267.05,1998.10,1.42,3.34,1.82
,"Hyderabad, India",1.50,7.48,2.99,1.50,2.24,0.36,0.65,0.82,5.25,0.43,7.48,1.25,1.88,11.22,1.01,145.95,862.27,484.17,0.39,1.36,0.69
,"Indore, India",3.29,7.48,2.62,1.50,2.09,0.40,0.64,0.90,4.01,0.43,10.47,1.64,2.29,7.48,1.04,107.10,945.19,255.87,0.25,1.06,0.74
,"Jaipur, India",2.02,8.22,2.62,1.50,2.24,0.39,0.65,0.91,5.78,0.32,8.97,1.39,1.94,7.48,0.99,100.60,1101.79,456.91,0.33,1.33,0.89
,"Tripoli, Libya",7.13,23.16,5.70,-,-,0.70,1.84,2.50,6.41,0.67,-,-,-,24.95,0.11,485.55,861.23,636.38,0.99,0.99,2.20
,"Timisoara, Romania",4.35,19.32,4.35,1.21,1.69,1.17,0.87,1.52,4.70,0.54,4.83,0.74,1.14,14.49,1.19,267.02,1235.27,482.09,0.52,1.28,1.01
,"Kingston, Jamaica",3.69,38.83,5.28,1.97,2.29,0.74,2.20,2.33,5.82,1.01,12.81,2.14,3.03,66.01,0.94,391.18,1403.00,568.21,1.63,2.11,1.45
,"Kolkata, India",2.99,13.85,3.74,1.27,2.17,0.31,0.59,0.92,4.89,0.38,7.48,1.22,2.09,3.93,1.01,165.47,1248.30,417.12,0.30,1.39,0.66
,"Lucknow (Lakhnau), India",2.25,9.73,2.99,1.80,2.77,0.33,0.69,0.90,5.74,0.37,10.48,1.50,2.32,8.23,1.01,103.95,1126.33,392.68,0.32,0.92,0.68
,"Jeddah (Jiddah), Saudi Arabia",4.40,26.66,5.60,-,-,0.40,1.15,1.87,5.85,0.53,-,-,-,39.99,0.20,424.51,1169.12,1481.40,0.98,2.51,1.62
,"Ludhiana, India",2.99,13.46,2.99,1.64,2.54,0.38,0.71,0.92,4.17,0.41,7.48,1.79,1.94,7.48,1.03,86.40,1211.24,426.18,0.30,1.64,0.91
,"Madurai, India",1.20,4.49,3.74,1.50,2.24,0.37,0.56,0.77,2.52,0.37,3.66,1.30,2.56,11.22,0.96,95.95,670.66,316.16,0.48,0.85,0.73
,"Mumbai, India",3.00,14.97,2.99,1.72,2.99,0.45,0.75,0.90,5.85,0.44,7.48,1.63,2.97,7.48,1.03,528.20,7374.22,700.95,0.39,1.63,0.80
,"Riyadh, Saudi Arabia",4.53,26.66,5.33,-,-,0.42,1.10,1.78,5.23,0.53,-,-,-,53.32,0.20,467.68,1245.38,2145.41,0.93,2.84,1.71
,"Mysore, India",0.99,5.98,2.24,1.35,1.50,0.36,0.47,0.73,3.49,0.42,8.97,1.05,1.50,9.35,1.01,87.89,857.75,229.29,0.43,1.55,0.71
,"Nagpur, India",2.02,8.97,3.74,1.50,2.99,0.38,0.60,0.88,4.90,0.39,8.97,1.35,2.80,4.49,1.03,126.04,1046.23,391.29,0.31,1.15,0.71
,"Pondicherry, India",1.50,5.99,2.99,1.12,1.50,0.35,0.57,0.90,4.74,0.32,5.24,1.12,1.85,14.97,1.00,120.99,765.30,347.26,0.46,1.23,0.62
,"Pune, India",2.99,10.47,2.99,1.65,2.99,0.44,0.68,0.91,5.15,0.43,5.98,1.73,2.65,14.96,1.01,203.55,1673.51,737.50,0.42,1.44,0.79
,"Minsk, Belarus",7.00,30.00,5.00,1.00,2.00,0.64,0.59,1.09,5.08,0.57,5.00,0.86,1.98,15.00,0.61,398.25,1620.70,355.64,0.41,1.35,0.95
,"Harare, Zimbabwe",9.00,30.00,5.00,1.15,1.50,0.61,1.38,1.88,10.74,1.18,7.20,1.13,1.10,30.00,1.32,372.22,1333.33,412.50,1.38,2.11,1.38
,"Surat, India",3.74,8.97,2.99,2.24,2.99,0.29,0.74,0.84,4.48,0.42,9.35,1.97,2.78,7.48,0.98,108.41,654.24,355.30,0.29,1.15,0.66
,"Thane, India",2.99,11.98,2.99,1.50,2.25,0.38,0.68,0.82,4.04,0.41,8.23,1.70,1.50,7.48,0.99,230.16,2380.06,456.58,0.54,1.26,0.81
,"Vadodara, India",2.99,10.47,2.99,2.17,1.79,0.33,0.70,0.88,4.75,0.39,8.64,2.42,2.74,7.48,0.98,99.07,683.58,438.64,0.36,1.39,0.73
,"Charlottesville, VA, United States",13.00,50.00,7.75,4.00,6.00,1.83,1.00,2.75,15.97,2.00,8.50,1.00,1.75,20.00,0.51,1066.67,2393.17,2200.00,1.58,3.66,5.06
,"St. John's, NL, Canada",14.99,58.10,7.87,4.50,5.25,1.50,2.32,2.95,7.12,2.06,14.24,2.86,3.09,52.48,0.85,632.48,2113.74,1984.55,3.56,3.08,4.06
,"Vijayawada, India",0.90,5.98,2.99,1.50,2.24,0.38,0.75,0.80,4.24,0.47,5.98,1.17,2.24,7.48,1.07,128.97,1180.37,323.00,0.42,1.42,0.75
,"Visakhapatnam, India",1.50,6.73,3.74,1.38,1.76,0.26,0.67,0.79,8.60,0.36,7.85,1.40,2.39,11.22,1.03,138.32,912.10,343.93,0.30,1.24,0.70
,"Moscow, Russia",10.00,38.64,4.63,1.05,2.12,0.72,0.90,1.14,6.54,0.69,6.82,0.91,1.88,25.39,0.55,820.31,4564.80,789.35,0.50,2.38,1.00
,"Bandung, Indonesia",1.15,11.14,3.07,1.54,2.69,0.43,1.27,1.21,9.15,0.35,19.20,1.92,3.26,13.83,0.58,156.02,1792.19,235.23,1.09,1.65,0.83
,"Damascus, Syria",3.15,20.47,3.40,1.10,5.00,0.58,0.71,1.08,2.71,0.41,8.40,0.97,1.20,22.50,0.62,226.02,1427.50,133.79,0.46,1.49,1.11
,"Jakarta, Indonesia",2.69,18.43,3.46,2.30,4.22,0.63,1.39,1.83,10.51,0.47,26.88,2.41,3.79,11.52,0.61,559.53,2735.56,602.94,1.52,2.60,1.05
,"Antwerp, Belgium",16.32,70.74,8.71,3.86,3.26,2.35,0.96,2.60,17.01,1.10,7.62,1.09,1.58,50.06,1.31,747.50,2781.86,1992.82,1.39,2.90,1.86
,"Lviv, Ukraine",2.37,11.57,2.62,0.52,1.21,0.43,0.61,0.97,3.95,0.40,2.99,0.45,0.98,4.11,0.88,254.19,1121.95,162.80,0.30,0.83,0.95
,"Novosibirsk, Russia",4.90,19.56,3.86,0.77,1.94,0.63,0.82,0.98,5.58,0.41,5.55,0.85,2.00,8.15,0.52,316.27,1279.85,414.27,0.35,1.93,0.92
,"Brussels, Belgium",16.32,65.30,8.71,3.81,3.26,2.23,1.13,2.87,17.67,1.12,7.62,1.46,1.96,53.32,1.37,847.38,3621.26,2181.24,1.34,3.01,1.68
,"Gent, Belgium",16.35,65.41,8.72,3.54,3.27,2.43,0.85,2.71,14.90,1.20,6.54,1.34,2.58,40.95,1.53,734.90,3924.78,1901.82,2.62,2.94,2.40
,"Surabaya, Indonesia",2.30,14.59,3.36,1.61,3.84,0.46,1.28,1.37,10.14,0.41,21.12,1.52,2.01,15.36,0.59,344.10,2560.28,296.01,1.27,1.80,0.82
